created_at,updated_at,constructor_id,parent_constructor_id,notes,id
2026-03-14 02:17:50.849911,2026-03-14 02:17:50.849911,35,37,,2
2026-03-23 00:22:26.304994,2026-03-23 00:22:26.304994,38,36,,3
2026-03-23 00:51:04.973542,2026-03-23 00:51:04.973542,42,214,,5
2026-03-23 00:52:58.124451,2026-03-23 00:52:58.124451,214,41,,6
2026-03-23 00:26:46.457707,2026-03-23 00:53:27.133118,41,213,,4
2026-03-23 00:53:51.382801,2026-03-23 00:53:51.382801,213,54,,7
2026-03-23 00:55:01.947861,2026-03-23 00:55:01.947861,54,84,,8
2026-03-23 16:15:13.86075,2026-03-23 16:15:13.86075,25,52,,9
2026-03-23 16:15:32.005415,2026-03-23 16:15:32.005415,52,60,,10
2026-03-24 01:01:22.461231,2026-03-24 01:01:22.461231,43,32,,11
2026-03-24 01:02:33.157079,2026-03-24 01:02:33.157079,32,34,,12
2026-03-24 01:03:23.31946,2026-03-24 01:03:23.31946,34,59,,13
2026-03-24 01:03:58.861848,2026-03-24 01:03:58.861848,59,57,,14
2026-03-24 01:05:03.506358,2026-03-24 01:05:03.506358,57,50,,15
2026-03-24 01:15:36.669626,2026-03-24 01:15:36.669626,189,185,,16
2026-03-24 01:31:40.997231,2026-03-24 01:31:40.997231,185,215,,17
2026-03-24 01:32:22.797783,2026-03-24 01:32:22.797783,215,33,,18
2026-03-24 01:41:54.035867,2026-03-24 01:41:54.035867,33,46,,19
2026-03-24 02:16:50.432132,2026-03-24 02:16:50.432132,28,47,,20
2026-03-24 02:17:42.692738,2026-03-24 02:17:42.692738,47,56,,21
2026-03-24 02:18:13.873961,2026-03-24 02:18:13.873961,56,53,,22
2026-03-24 02:25:21.964523,2026-03-24 02:25:21.964523,53,61,,23
