short_name,name,country,founded_year,defunct_year,notes,id,created_at,updated_at,slug
alfa-romeo,Alfa Romeo,Italy,,,,1,2026-02-06 15:17:13.067804+00,2026-02-06 15:17:13.067804+00,alfa_romeo
ferrari,Ferrari,Italy,,,,2,2026-02-06 15:17:13.067804+00,2026-02-06 15:17:13.067804+00,ferrari
alpha-tauri,Alpha Tauri,Italy,2020,,,3,2026-02-06 15:17:13.067804+00,2026-02-06 15:17:13.067804+00,alpha_tauri
kurtis-kraft,Kurtis Kraft,,,,,4,2026-02-06 15:17:13.067804+00,2026-02-06 15:17:13.067804+00,kurtis_kraft
maserati,Maserati,,,,,5,2026-02-06 15:17:13.067804+00,2026-02-06 15:17:13.067804+00,maserati
talbot-lago,Talbot Lago,,,,,6,2026-02-06 15:17:13.067804+00,2026-02-06 15:17:13.067804+00,talbot_lago
marchese,Marchese,,,,,7,2026-02-06 15:17:13.067804+00,2026-02-06 15:17:13.067804+00,marchese
deidt,Deidt,,,,,8,2026-02-06 15:17:13.067804+00,2026-02-06 15:17:13.067804+00,deidt
lesovsky,Lesovsky,,,,,9,2026-02-06 15:17:13.067804+00,2026-02-06 15:17:13.067804+00,lesovsky
moore,Moore,,,,,10,2026-02-06 15:17:13.067804+00,2026-02-06 15:17:13.067804+00,moore
era,Era,,,,,11,2026-02-06 15:17:13.067804+00,2026-02-06 15:17:13.067804+00,era
watson,Watson,,,,,12,2026-02-06 15:17:13.067804+00,2026-02-06 15:17:13.067804+00,watson
simca-gordini,Simca Gordini,,,,,13,2026-02-06 15:17:13.067804+00,2026-02-06 15:17:13.067804+00,simca_gordini
snowberger,Snowberger,,,,,14,2026-02-06 15:17:13.067804+00,2026-02-06 15:17:13.067804+00,snowberger
alta,Alta,,,,,15,2026-02-06 15:17:13.067804+00,2026-02-06 15:17:13.067804+00,alta
cooper,Cooper,,,,,16,2026-02-06 15:17:13.067804+00,2026-02-06 15:17:13.067804+00,cooper
stevens,Stevens,,,,,17,2026-02-06 15:17:13.067804+00,2026-02-06 15:17:13.067804+00,stevens
olson,Olson,,,,,18,2026-02-06 15:17:13.067804+00,2026-02-06 15:17:13.067804+00,olson
ewing,Ewing,,,,,19,2026-02-06 15:17:13.067804+00,2026-02-06 15:17:13.067804+00,ewing
nichels,Nichels,,,,,20,2026-02-06 15:17:13.067804+00,2026-02-06 15:17:13.067804+00,nichels
wetteroth,Wetteroth,,,,,21,2026-02-06 15:17:13.067804+00,2026-02-06 15:17:13.067804+00,wetteroth
adams,Adams,,,,,22,2026-02-06 15:17:13.067804+00,2026-02-06 15:17:13.067804+00,adams
rae,Rae,,,,,23,2026-02-06 15:17:13.067804+00,2026-02-06 15:17:13.067804+00,rae
langley,Langley,,,,,24,2026-02-06 15:17:13.067804+00,2026-02-06 15:17:13.067804+00,langley
red-bull,Red Bull,United Kingdom,,,,25,2026-02-06 15:17:13.067804+00,2026-03-19 13:19:42.090974+00,red_bull
haas,Haas,United States of America,,,,26,2026-02-06 15:17:13.067804+00,2026-03-19 13:18:33.328061+00,haas
mclaren,McLaren,United Kingdom,,,,27,2026-02-06 15:17:13.067804+00,2026-02-06 17:59:38.819825+00,mclaren
mercedes,Mercedes,Germany,,,,28,2026-02-06 15:17:13.067804+00,2026-03-19 13:18:54.156147+00,mercedes
toro-rosso,Toro Rosso,,,,,29,2026-02-06 15:17:13.067804+00,2026-02-06 15:17:13.067804+00,toro_rosso
renault,Renault,,,,,30,2026-02-06 15:17:13.067804+00,2026-02-06 15:17:13.067804+00,renault
williams,Williams,United Kingdom,1978,,,31,2026-02-06 15:17:13.067804+00,2026-02-10 02:23:11.282199+00,williams
racing-point,Racing Point,,,,,32,2026-02-06 15:17:13.067804+00,2026-02-06 15:17:13.067804+00,racing_point
sauber,Sauber,,,,,33,2026-02-06 15:17:13.067804+00,2026-02-06 15:17:13.067804+00,sauber
force-india,Force India,,,,,34,2026-02-06 15:17:13.067804+00,2026-02-06 15:17:13.067804+00,force_india
manor,Manor,,,,,35,2026-02-06 15:17:13.067804+00,2026-02-06 15:17:13.067804+00,manor
lotus-2010-2011,Lotus (2010-2011),Malaysia,,,,36,2026-02-06 15:17:13.067804+00,2026-03-23 00:19:09.193578+00,lotus_2010_2011
marussia,Marussia,,,,,37,2026-02-06 15:17:13.067804+00,2026-02-06 15:17:13.067804+00,marussia
caterham,Caterham,,,,,38,2026-02-06 15:17:13.067804+00,2026-02-06 15:17:13.067804+00,caterham
hrt,HRT,,,,,39,2026-02-06 15:17:13.067804+00,2026-03-22 22:19:37.156043+00,hrt
virgin,Virgin,,,,,40,2026-02-06 15:17:13.067804+00,2026-02-06 15:17:13.067804+00,virgin
lotus-2012-2015,Lotus (2012-2015),,,,,41,2026-02-06 15:17:13.067804+00,2026-03-23 00:19:41.193582+00,lotus_2012_2015
alpine,Alpine,France,,,,42,2026-02-06 15:17:13.067804+00,2026-02-06 15:17:13.067804+00,alpine
aston-martin,Aston-Martin,United Kingdom,,,,43,2026-02-06 15:17:13.067804+00,2026-02-06 15:19:48.068934+00,aston_martin
racing-bulls,Racing Bulls,Italy,,,,44,2026-02-06 15:17:13.067804+00,2026-02-06 15:17:13.067804+00,racing_bulls
bmw-sauber,BMW Sauber,,,,,46,2026-02-06 15:17:13.067804+00,2026-02-14 23:23:12.058795+00,bmw_sauber
brawn,Brawn,,,,,47,2026-02-06 15:17:13.067804+00,2026-02-06 15:17:13.067804+00,brawn
toyota,Toyota,,,,,48,2026-02-06 15:17:13.067804+00,2026-02-06 15:17:13.067804+00,toyota
arrows,Arrows,,,,,49,2026-02-06 15:17:13.067804+00,2026-02-06 15:17:13.067804+00,arrows
jordan,Jordan,,,,,50,2026-02-06 15:17:13.067804+00,2026-02-06 15:17:13.067804+00,jordan
prost,Prost,,,,,51,2026-02-06 15:17:13.067804+00,2026-02-06 15:17:13.067804+00,prost
jaguar,Jaguar,,,,,52,2026-02-06 15:17:13.067804+00,2026-02-06 15:17:13.067804+00,jaguar
bar,BAR,,,,,53,2026-02-06 15:17:13.067804+00,2026-02-12 01:37:16.995958+00,bar
benetton,Benetton,,,,,54,2026-02-06 15:17:13.067804+00,2026-02-06 15:17:13.067804+00,benetton
minardi,Minardi,,,,,55,2026-02-06 15:17:13.067804+00,2026-02-06 15:17:13.067804+00,minardi
honda,Honda,,,,,56,2026-02-06 15:17:13.067804+00,2026-02-06 15:17:13.067804+00,honda
midland,Midland,,,,,57,2026-02-06 15:17:13.067804+00,2026-02-06 15:17:13.067804+00,midland
super-aguri,Super Aguri,,,,,58,2026-02-06 15:17:13.067804+00,2026-02-06 15:17:13.067804+00,super_aguri
spyker,Spyker,,,,,59,2026-02-06 15:17:13.067804+00,2026-02-06 15:17:13.067804+00,spyker
stewart,Stewart,,,,,60,2026-02-06 15:17:13.067804+00,2026-02-06 15:17:13.067804+00,stewart
tyrrell,Tyrrell,,,,,61,2026-02-06 15:17:13.067804+00,2026-02-06 15:17:13.067804+00,tyrrell
ligier,Ligier,,,,,62,2026-02-06 15:17:13.067804+00,2026-02-06 15:17:13.067804+00,ligier
footwork,Footwork,,,,,63,2026-02-06 15:17:13.067804+00,2026-02-06 15:17:13.067804+00,footwork
lola,Lola,,,,,64,2026-02-06 15:17:13.067804+00,2026-02-06 15:17:13.067804+00,lola
ags,AGS,,,,,65,2026-02-06 15:17:13.067804+00,2026-02-17 21:41:45.079057+00,ags
dallara,Dallara,,,,,66,2026-02-06 15:17:13.067804+00,2026-02-06 15:17:13.067804+00,dallara
lotus,Lotus,United Kingdom,,,,67,2026-02-06 15:17:13.067804+00,2026-03-23 00:26:18.117362+00,lotus
coloni,Coloni,,,,,68,2026-02-06 15:17:13.067804+00,2026-02-06 15:17:13.067804+00,coloni
eurobrun,Eurobrun,,,,,69,2026-02-06 15:17:13.067804+00,2026-02-06 15:17:13.067804+00,eurobrun
osella,Osella,,,,,70,2026-02-06 15:17:13.067804+00,2026-02-06 15:17:13.067804+00,osella
leyton-house,Leyton House,,,,,71,2026-02-06 15:17:13.067804+00,2026-02-06 15:17:13.067804+00,leyton_house
life,Life,,,,,72,2026-02-06 15:17:13.067804+00,2026-02-06 15:17:13.067804+00,life
onyx,Onyx,,,,,73,2026-02-06 15:17:13.067804+00,2026-02-06 15:17:13.067804+00,onyx
brabham,Brabham,,,,,74,2026-02-06 15:17:13.067804+00,2026-02-06 15:17:13.067804+00,brabham
fondmetal,Fondmetal,,,,,75,2026-02-06 15:17:13.067804+00,2026-02-06 15:17:13.067804+00,fondmetal
modena,Modena,,,,,76,2026-02-06 15:17:13.067804+00,2026-02-06 15:17:13.067804+00,modena
andrea-moda,Andrea Moda,,,,,77,2026-02-06 15:17:13.067804+00,2026-02-06 15:17:13.067804+00,andrea_moda
venturi,Venturi,,,,,78,2026-02-06 15:17:13.067804+00,2026-02-06 15:17:13.067804+00,venturi
march,March,,,,,79,2026-02-06 15:17:13.067804+00,2026-02-06 15:17:13.067804+00,march
larrousse,Larrousse,,,,,80,2026-02-06 15:17:13.067804+00,2026-02-06 15:17:13.067804+00,larrousse
simtek,Simtek,,,,,81,2026-02-06 15:17:13.067804+00,2026-02-06 15:17:13.067804+00,simtek
pacific,Pacific,,,,,82,2026-02-06 15:17:13.067804+00,2026-02-06 15:17:13.067804+00,pacific
forti,Forti,,,,,83,2026-02-06 15:17:13.067804+00,2026-02-06 15:17:13.067804+00,forti
toleman,Toleman,,,,,84,2026-02-06 15:17:13.067804+00,2026-02-06 15:17:13.067804+00,toleman
ensign,Ensign,,,,,85,2026-02-06 15:17:13.067804+00,2026-02-06 15:17:13.067804+00,ensign
fittipaldi,Fittipaldi,Brazil,1975,1982,,86,2026-02-06 15:17:13.067804+00,2026-02-11 03:15:17.961809+00,fittipaldi
ats-wheels,Ats Wheels,,,,,87,2026-02-06 15:17:13.067804+00,2026-02-06 15:17:13.067804+00,ats_wheels
theodore,Theodore,,,,,88,2026-02-06 15:17:13.067804+00,2026-02-06 15:17:13.067804+00,theodore
ram,RAM,,,,,89,2026-02-06 15:17:13.067804+00,2026-02-16 02:32:15.618169+00,ram
spirit,Spirit,,,,,90,2026-02-06 15:17:13.067804+00,2026-02-06 15:17:13.067804+00,spirit
zakspeed,Zakspeed,,,,,91,2026-02-06 15:17:13.067804+00,2026-02-06 15:17:13.067804+00,zakspeed
rial,Rial,,,,,92,2026-02-06 15:17:13.067804+00,2026-02-06 15:17:13.067804+00,rial
first,First,,,,,93,2026-02-06 15:17:13.067804+00,2026-02-06 15:17:13.067804+00,first
surtees,Surtees,,,,,94,2026-02-06 15:17:13.067804+00,2026-02-06 15:17:13.067804+00,surtees
matra,Matra,,,,,95,2026-02-06 15:17:13.067804+00,2026-02-06 15:17:13.067804+00,matra
bellasi,Bellasi,,,,,96,2026-02-06 15:17:13.067804+00,2026-02-06 15:17:13.067804+00,bellasi
brm,Brm,,,,,97,2026-02-06 15:17:13.067804+00,2026-02-06 15:17:13.067804+00,brm
connew,Connew,,,,,98,2026-02-06 15:17:13.067804+00,2026-02-06 15:17:13.067804+00,connew
tecno,Tecno,,,,,99,2026-02-06 15:17:13.067804+00,2026-02-06 15:17:13.067804+00,tecno
eifelland,Eifelland,,,,,100,2026-02-06 15:17:13.067804+00,2026-02-06 15:17:13.067804+00,eifelland
politoys,Politoys,,,,,101,2026-02-06 15:17:13.067804+00,2026-02-06 15:17:13.067804+00,politoys
shadow,Shadow,,,,,102,2026-02-06 15:17:13.067804+00,2026-02-06 15:17:13.067804+00,shadow
iso-marlboro,Iso Marlboro,,,,,103,2026-02-06 15:17:13.067804+00,2026-02-06 15:17:13.067804+00,iso_marlboro
amon,Amon,,,,,104,2026-02-06 15:17:13.067804+00,2026-02-06 15:17:13.067804+00,amon
hesketh,Hesketh,,,,,105,2026-02-06 15:17:13.067804+00,2026-02-06 15:17:13.067804+00,hesketh
maki,Maki,,,,,106,2026-02-06 15:17:13.067804+00,2026-02-06 15:17:13.067804+00,maki
penske,Penske,,,,,107,2026-02-06 15:17:13.067804+00,2026-02-06 15:17:13.067804+00,penske
lyncar,Lyncar,,,,,108,2026-02-06 15:17:13.067804+00,2026-02-06 15:17:13.067804+00,lyncar
token,Token,,,,,109,2026-02-06 15:17:13.067804+00,2026-02-06 15:17:13.067804+00,token
trojan,Trojan,,,,,110,2026-02-06 15:17:13.067804+00,2026-02-06 15:17:13.067804+00,trojan
parnelli,Parnelli,,,,,111,2026-02-06 15:17:13.067804+00,2026-02-06 15:17:13.067804+00,parnelli
hill,Hill,,,,,112,2026-02-06 15:17:13.067804+00,2026-02-06 15:17:13.067804+00,hill
frank-williams-racing-cars,Frank Williams Racing Cars,,,,,113,2026-02-06 15:17:13.067804+00,2026-02-06 15:17:13.067804+00,frank_williams_racing_cars
boro,Boro,,,,,114,2026-02-06 15:17:13.067804+00,2026-02-06 15:17:13.067804+00,boro
kojima,Kojima,,,,,115,2026-02-06 15:17:13.067804+00,2026-02-06 15:17:13.067804+00,kojima
wolf-williams,Wolf Williams,,,,,116,2026-02-06 15:17:13.067804+00,2026-02-06 15:17:13.067804+00,wolf_williams
mcguire,Mcguire,,,,,117,2026-02-06 15:17:13.067804+00,2026-02-06 15:17:13.067804+00,mcguire
apollon,Apollon,,,,,118,2026-02-06 15:17:13.067804+00,2026-02-06 15:17:13.067804+00,apollon
lec,Lec,,,,,119,2026-02-06 15:17:13.067804+00,2026-02-06 15:17:13.067804+00,lec
wolf,Wolf,Canada,,,,120,2026-02-06 15:17:13.067804+00,2026-02-10 23:28:23.974083+00,wolf
martini,Martini,,,,,121,2026-02-06 15:17:13.067804+00,2026-02-06 15:17:13.067804+00,martini
merzario,Merzario,,,,,122,2026-02-06 15:17:13.067804+00,2026-02-06 15:17:13.067804+00,merzario
rebaque,Rebaque,,,,,123,2026-02-06 15:17:13.067804+00,2026-02-06 15:17:13.067804+00,rebaque
kauhsen,Kauhsen,,,,,124,2026-02-06 15:17:13.067804+00,2026-02-06 15:17:13.067804+00,kauhsen
porsche,Porsche,,,,,125,2026-02-06 15:17:13.067804+00,2026-02-06 15:17:13.067804+00,porsche
emeryson,Emeryson,,,,,126,2026-02-06 15:17:13.067804+00,2026-02-06 15:17:13.067804+00,emeryson
gilby,Gilby,,,,,127,2026-02-06 15:17:13.067804+00,2026-02-06 15:17:13.067804+00,gilby
de-tomaso,De Tomaso,,,,,128,2026-02-06 15:17:13.067804+00,2026-02-06 15:17:13.067804+00,de_tomaso
jbw,Jbw,,,,,129,2026-02-06 15:17:13.067804+00,2026-02-06 15:17:13.067804+00,jbw
ferguson,Ferguson,,,,,130,2026-02-06 15:17:13.067804+00,2026-02-06 15:17:13.067804+00,ferguson
enb,Enb,,,,,131,2026-02-06 15:17:13.067804+00,2026-02-06 15:17:13.067804+00,enb
lds,Lds,,,,,132,2026-02-06 15:17:13.067804+00,2026-02-06 15:17:13.067804+00,lds
ats,ATS,Germany,1978,,,133,2026-02-06 15:17:13.067804+00,2026-02-11 02:25:37.314887+00,ats
brp,Brp,,,,,134,2026-02-06 15:17:13.067804+00,2026-02-06 15:17:13.067804+00,brp
stebro,Stebro,,,,,135,2026-02-06 15:17:13.067804+00,2026-02-06 15:17:13.067804+00,stebro
alfa-special,Alfa Special,,,,,136,2026-02-06 15:17:13.067804+00,2026-02-06 15:17:13.067804+00,alfa_special
scirocco,Scirocco,,,,,137,2026-02-06 15:17:13.067804+00,2026-02-06 15:17:13.067804+00,scirocco
derrington-francis,Derrington Francis,,,,,138,2026-02-06 15:17:13.067804+00,2026-02-06 15:17:13.067804+00,derrington_francis
eagle,Eagle,,,,,139,2026-02-06 15:17:13.067804+00,2026-02-06 15:17:13.067804+00,eagle
shannon,Shannon,,,,,140,2026-02-06 15:17:13.067804+00,2026-02-06 15:17:13.067804+00,shannon
protos,Protos,,,,,141,2026-02-06 15:17:13.067804+00,2026-02-06 15:17:13.067804+00,protos
bmw,BMW,,,,,142,2026-02-06 15:17:13.067804+00,2026-02-14 23:23:02.074341+00,bmw
schroeder,Schroeder,,,,,143,2026-02-06 15:17:13.067804+00,2026-02-06 15:17:13.067804+00,schroeder
trevis,Trevis,,,,,144,2026-02-06 15:17:13.067804+00,2026-02-06 15:17:13.067804+00,trevis
bromme,Bromme,,,,,145,2026-02-06 15:17:13.067804+00,2026-02-06 15:17:13.067804+00,bromme
sherman,Sherman,,,,,146,2026-02-06 15:17:13.067804+00,2026-02-06 15:17:13.067804+00,sherman
kuzma,Kuzma,,,,,147,2026-02-06 15:17:13.067804+00,2026-02-06 15:17:13.067804+00,kuzma
hwm,HWM,United Kingdom,,,,148,2026-02-06 15:17:13.067804+00,2026-02-06 15:17:13.067804+00,hwm
hall,Hall,,,,,149,2026-02-06 15:17:13.067804+00,2026-02-06 15:17:13.067804+00,hall
osca,Osca,,,,,150,2026-02-06 15:17:13.067804+00,2026-02-06 15:17:13.067804+00,osca
pawl,Pawl,,,,,151,2026-02-06 15:17:13.067804+00,2026-02-06 15:17:13.067804+00,pawl
veritas,Veritas,,,,,152,2026-02-06 15:17:13.067804+00,2026-02-06 15:17:13.067804+00,veritas
afm,Afm,,,,,153,2026-02-06 15:17:13.067804+00,2026-02-06 15:17:13.067804+00,afm
nacke,Nacke,,,,,154,2026-02-06 15:17:13.067804+00,2026-02-06 15:17:13.067804+00,nacke
connaught,Connaught,,,,,155,2026-02-06 15:17:13.067804+00,2026-02-06 15:17:13.067804+00,connaught
gordini,Gordini,,,,,156,2026-02-06 15:17:13.067804+00,2026-02-06 15:17:13.067804+00,gordini
heck,Heck,,,,,157,2026-02-06 15:17:13.067804+00,2026-02-06 15:17:13.067804+00,heck
balsa,Balsa,,,,,158,2026-02-06 15:17:13.067804+00,2026-02-06 15:17:13.067804+00,balsa
cisitalia,Cisitalia,,,,,159,2026-02-06 15:17:13.067804+00,2026-02-06 15:17:13.067804+00,cisitalia
aston-butterworth,Aston Butterworth,,,,,160,2026-02-06 15:17:13.067804+00,2026-02-06 15:17:13.067804+00,aston_butterworth
reif,Reif,,,,,161,2026-02-06 15:17:13.067804+00,2026-02-06 15:17:13.067804+00,reif
frazer-nash,Frazer Nash,,,,,162,2026-02-06 15:17:13.067804+00,2026-02-06 15:17:13.067804+00,frazer_nash
krakau,Krakau,,,,,163,2026-02-06 15:17:13.067804+00,2026-02-06 15:17:13.067804+00,krakau
greifzu,Greifzu,,,,,164,2026-02-06 15:17:13.067804+00,2026-02-06 15:17:13.067804+00,greifzu
del-roy,Del Roy,,,,,165,2026-02-06 15:17:13.067804+00,2026-02-06 15:17:13.067804+00,del_roy
turner,Turner,,,,,166,2026-02-06 15:17:13.067804+00,2026-02-06 15:17:13.067804+00,turner
emw,Emw,,,,,167,2026-02-06 15:17:13.067804+00,2026-02-06 15:17:13.067804+00,emw
phillips,Phillips,,,,,168,2026-02-06 15:17:13.067804+00,2026-02-06 15:17:13.067804+00,phillips
pankratz,Pankratz,,,,,169,2026-02-06 15:17:13.067804+00,2026-02-06 15:17:13.067804+00,pankratz
klenk,Klenk,,,,,170,2026-02-06 15:17:13.067804+00,2026-02-06 15:17:13.067804+00,klenk
lancia,Lancia,,,,,171,2026-02-06 15:17:13.067804+00,2026-02-06 15:17:13.067804+00,lancia
vanwall,Vanwall,,,,,172,2026-02-06 15:17:13.067804+00,2026-02-06 15:17:13.067804+00,vanwall
arzani-volpini,Arzani Volpini,,,,,173,2026-02-06 15:17:13.067804+00,2026-02-06 15:17:13.067804+00,arzani_volpini
epperly,Epperly,,,,,174,2026-02-06 15:17:13.067804+00,2026-02-06 15:17:13.067804+00,epperly
bugatti,Bugatti,,,,,175,2026-02-06 15:17:13.067804+00,2026-02-06 15:17:13.067804+00,bugatti
dunn,Dunn,,,,,176,2026-02-06 15:17:13.067804+00,2026-02-06 15:17:13.067804+00,dunn
tec-mec,Tec Mec,,,,,177,2026-02-06 15:17:13.067804+00,2026-02-06 15:17:13.067804+00,tec_mec
fry,Fry,,,,,178,2026-02-06 15:17:13.067804+00,2026-02-06 15:17:13.067804+00,fry
behra-porsche,Behra Porsche,,,,,179,2026-02-06 15:17:13.067804+00,2026-02-06 15:17:13.067804+00,behra_porsche
christensen,Christensen,,,,,180,2026-02-06 15:17:13.067804+00,2026-02-06 15:17:13.067804+00,christensen
sutton,Sutton,,,,,181,2026-02-06 15:17:13.067804+00,2026-02-06 15:17:13.067804+00,sutton
elder,Elder,,,,,182,2026-02-06 15:17:13.067804+00,2026-02-06 15:17:13.067804+00,elder
meskowski,Meskowski,,,,,183,2026-02-06 15:17:13.067804+00,2026-02-06 15:17:13.067804+00,meskowski
scarab,Scarab,,,,,184,2026-02-06 15:17:13.067804+00,2026-02-06 15:17:13.067804+00,scarab
kick-sauber,Kick Sauber,,,,,185,2026-02-06 15:17:13.067804+00,2026-02-06 15:17:13.067804+00,kick_sauber
rb,Racing Bulls,,,,,186,2026-02-06 15:17:13.067804+00,2026-02-06 15:17:13.067804+00,racing_bulls_2
sva-fiat,SVA,Italy,,,,187,2026-02-06 15:17:13.067804+00,2026-02-06 15:17:13.067804+00,sva
amilcar,Amilcar,France,1921,,,188,2026-02-06 15:17:13.067804+00,2026-02-06 15:17:13.067804+00,amilcar
audi,Audi,Switzerland,,,,189,2026-02-06 16:22:00.538482+00,2026-03-19 13:17:34.581981+00,audi
cadillac,Cadillac,United Kingdom,2026,,,190,2026-02-06 16:27:56.234073+00,2026-02-06 16:27:56.234073+00,cadillac
copersucar,Copersucar,Brazil,1975,1979,,191,2026-02-11 02:34:47.82913+00,2026-02-11 02:34:47.82913+00,copersucar
ats-ita,ATS(Ita),Italy,1963,1963,,192,2026-02-11 02:58:55.151307+00,2026-02-11 02:58:55.151307+00,ats_ita
ford-cosworth,Ford Cosworth,,,,,193,2026-02-13 21:55:51.220928+00,2026-02-13 21:55:51.220928+00,ford_cosworth
hart,Hart,,,,,194,2026-02-14 14:22:42.389448+00,2026-02-14 14:22:42.389448+00,hart
motori-moderni,Motori Moderni,,,,,195,2026-02-16 17:00:41.456285+00,2026-02-16 17:00:41.456285+00,motori_moderni
megatron,Megatron,,,,,196,2026-02-20 21:16:41.917454+00,2026-02-20 21:16:41.917454+00,megatron
judd,Judd,,,,,197,2026-02-21 00:20:16.309665+00,2026-02-21 00:20:16.309665+00,judd
lamborghini,Lamborghini,,,,,198,2026-02-21 02:06:08.754533+00,2026-02-21 02:06:08.754533+00,lamborghini
yamaha,Yamaha,,,,,199,2026-02-21 02:09:00.976874+00,2026-02-21 02:09:00.976874+00,yamaha
subaru,Subaru,,,,,200,2026-02-21 23:42:03.049272+00,2026-02-21 23:42:03.049272+00,subaru
tag-heuer,TAG Heuer,,,,,201,2026-02-27 03:38:27.64679+00,2026-02-27 03:38:27.64679+00,tag_heuer
peugeot,Peugeot,,,,,202,2026-03-01 04:28:11.115874+00,2026-03-01 04:28:11.115874+00,peugeot
mugen-honda,Mugen Honda,,,,,203,2026-03-01 04:37:21.376574+00,2026-03-01 04:37:21.376574+00,mugen_honda
petronas,Petronas,,,,,204,2026-03-01 04:38:35.307259+00,2026-03-01 04:38:35.307259+00,petronas
playlife,Playlife,,,,,205,2026-03-04 00:03:57.732824+00,2026-03-04 00:03:57.732824+00,playlife
mecachrome,Mecachrome,,,,,206,2026-03-04 00:22:13.736756+00,2026-03-04 00:22:13.736756+00,mecachrome
supertec,Supertec,,,,,207,2026-03-04 00:30:22.508127+00,2026-03-04 00:30:22.508127+00,supertec
cosworth,Cosworth,United Kingdom,,,,208,2026-03-04 14:33:30.362897+00,2026-03-04 14:33:30.362897+00,cosworth
european,European,United Kingdom,,,,209,2026-03-07 01:02:23.491237+00,2026-03-07 01:02:23.491237+00,european
asiatech,Asiatech,,,,,210,2026-03-07 01:12:35.953736+00,2026-03-07 01:12:35.953736+00,asiatech
acer,Acer,,,,,211,2026-03-07 01:30:53.335519+00,2026-03-07 01:30:53.335519+00,acer
Elmer,Ilmor,,,,,212,2026-03-11 00:09:02.333478+00,2026-03-11 00:09:02.333478+00,ilmor
renault-2002-2011,Renault (2002-2011),France,,,,213,2026-03-23 00:37:16.786189+00,2026-03-23 00:37:16.786189+00,renault_2002_2011
renault-2016-2020,Renault (2016-2020),France,,,,214,2026-03-23 00:37:45.610719+00,2026-03-23 00:37:45.610719+00,renault_2016_2020
alfa-romeo-sauber,Alfa Romeo Sauber,Switzeland,,,,215,2026-03-24 01:23:52.634854+00,2026-03-24 01:23:52.634854+00,alfa_romeo_sauber
