created_at,updated_at,event_id,entry_id,position,percentage,id
2026-03-17 00:39:40.454923,2026-03-17 00:39:40.454923,1168,30041,1,30,1
2026-03-17 00:40:07.777157,2026-03-17 00:40:07.777157,1168,30030,2,14.2,2
2026-03-17 00:40:51.190096,2026-03-17 00:40:51.190096,1168,30037,3,10.5,3
2026-03-17 00:41:37.567572,2026-03-17 00:41:37.567572,1168,30038,4,10.2,4
2026-03-17 00:42:09.083992,2026-03-17 00:42:09.083992,1168,30031,5,9.6,5
2026-03-17 01:58:47.592907,2026-03-17 01:58:47.592907,971,23085,1,,11
2026-03-17 02:01:56.12547,2026-03-17 02:01:56.12547,972,23097,1,,12
2026-03-17 02:02:22.603418,2026-03-17 02:02:22.603418,973,23116,1,,13
2026-03-17 02:02:47.504228,2026-03-17 02:02:47.504228,974,23149,1,,14
2026-03-17 02:03:14.803409,2026-03-17 02:03:14.803409,975,23158,1,,15
2026-03-17 02:03:41.04868,2026-03-17 02:03:41.04868,976,23184,1,,16
2026-03-17 02:04:00.519029,2026-03-17 02:04:00.519029,977,23203,1,,17
2026-03-17 02:04:20.462812,2026-03-17 02:04:20.462812,978,23222,1,,18
2026-03-17 02:04:48.529886,2026-03-17 02:04:48.529886,979,23251,1,,19
2026-03-17 02:05:11.415468,2026-03-17 02:05:11.415468,980,23267,1,,20
2026-03-17 02:05:30.447046,2026-03-17 02:05:30.447046,981,23300,1,,21
2026-03-17 02:05:45.874298,2026-03-17 02:05:45.874298,982,23311,1,,22
2026-03-17 02:06:15.421241,2026-03-17 02:06:15.421241,983,23351,1,,23
2026-03-17 02:06:31.569657,2026-03-17 02:06:31.569657,984,23354,1,,24
2026-03-17 02:06:52.885292,2026-03-17 02:06:52.885292,985,23396,1,,25
2026-03-17 02:07:11.484999,2026-03-17 02:07:11.484999,986,23399,1,,26
2026-03-17 02:07:29.781734,2026-03-17 02:07:29.781734,987,23423,1,,27
2026-03-17 02:07:46.4387,2026-03-17 02:07:46.4387,988,23444,1,,28
2026-03-17 02:08:00.607132,2026-03-17 02:08:00.607132,989,23469,1,,29
2026-03-17 02:08:19.987556,2026-03-17 02:08:19.987556,990,23488,1,,30
2026-03-17 02:08:34.133058,2026-03-17 02:08:34.133058,991,23511,1,,31
2026-03-18 01:35:44.777859,2026-03-18 01:35:44.777859,992,23530,1,,32
2026-03-18 01:37:11.589989,2026-03-18 01:37:11.589989,993,23567,1,,33
2026-03-18 01:39:43.37691,2026-03-18 01:39:43.37691,994,23571,1,,34
2026-03-18 01:40:37.102521,2026-03-18 01:40:37.102521,995,23591,1,,35
2026-03-18 01:42:18.364288,2026-03-18 01:42:18.364288,996,23610,1,,36
2026-03-18 01:44:02.179025,2026-03-18 01:44:02.179025,997,23630,1,,37
2026-03-18 01:44:35.885224,2026-03-18 01:44:35.885224,998,23650,1,,38
2026-03-18 01:50:49.293525,2026-03-18 01:50:49.293525,999,23676,1,,39
2026-03-18 01:51:21.07539,2026-03-18 01:51:21.07539,1000,23689,1,,40
2026-03-18 01:51:45.791218,2026-03-18 01:51:45.791218,1001,23728,1,,41
2026-03-18 01:52:02.467425,2026-03-18 01:52:02.467425,1002,23730,1,,42
2026-03-18 01:52:24.755695,2026-03-18 01:52:24.755695,1003,23749,1,,43
2026-03-18 01:52:40.967616,2026-03-18 01:52:40.967616,1004,23771,1,,44
2026-03-18 01:53:11.034516,2026-03-18 01:53:11.034516,1005,23793,1,,45
2026-03-18 01:53:31.605311,2026-03-18 01:53:31.605311,1006,23828,1,,46
2026-03-18 01:53:58.338415,2026-03-18 01:53:58.338415,1007,23833,1,,47
2026-03-18 01:54:22.049648,2026-03-18 01:54:22.049648,1008,23854,1,,48
2026-03-18 01:54:39.794198,2026-03-18 01:54:39.794198,1009,23869,1,,49
2026-03-18 01:54:58.276658,2026-03-18 01:54:58.276658,1010,23908,1,,50
2026-03-18 01:55:25.147756,2026-03-18 01:55:25.147756,1011,23909,1,,51
2026-03-18 20:22:06.373628,2026-03-18 20:22:06.373628,1012,23939,1,,52
2026-03-18 20:22:20.468827,2026-03-18 20:22:20.468827,1013,23954,1,,53
2026-03-18 20:22:35.94817,2026-03-18 20:22:35.94817,1014,23974,1,,54
2026-03-18 20:24:07.238653,2026-03-18 20:24:07.238653,1015,24002,1,,55
2026-03-18 20:24:29.448791,2026-03-18 20:24:29.448791,1016,24009,1,,56
2026-03-18 20:24:48.915178,2026-03-18 20:24:48.915178,1017,24029,1,,57
2026-03-18 20:25:03.164369,2026-03-18 20:25:03.164369,1018,24049,1,,58
2026-03-18 20:25:23.22881,2026-03-18 20:25:23.22881,1019,24071,1,,59
2026-03-18 20:25:40.211609,2026-03-18 20:25:40.211609,1020,24093,1,,60
2026-03-18 20:26:30.937194,2026-03-18 20:26:30.937194,1021,24109,1,,61
2026-03-18 20:26:44.41122,2026-03-18 20:26:44.41122,1022,24142,1,,62
2026-03-18 20:27:02.91873,2026-03-18 20:27:02.91873,1023,24160,1,,63
2026-03-18 20:27:16.541358,2026-03-18 20:27:16.541358,1024,24170,1,,64
2026-03-18 20:27:28.683965,2026-03-18 20:27:28.683965,1025,24189,1,,65
2026-03-18 20:27:43.228985,2026-03-18 20:27:43.228985,1026,24210,1,,66
2026-03-18 20:27:55.983137,2026-03-18 20:27:55.983137,1027,24239,1,,67
2026-03-18 20:28:09.975143,2026-03-18 20:28:09.975143,1028,24263,1,,68
2026-03-18 20:28:25.473477,2026-03-18 20:28:25.473477,1029,24283,1,,69
2026-03-18 20:28:40.936517,2026-03-18 20:28:40.936517,1030,24290,1,,70
2026-03-18 20:28:57.393852,2026-03-18 20:28:57.393852,1031,24313,1,,71
2026-03-18 20:29:13.933793,2026-03-18 20:29:13.933793,1032,24343,1,,72
2026-03-18 20:57:24.814253,2026-03-18 20:57:24.814253,1033,24350,1,28.5,73
2026-03-18 20:57:24.814253,2026-03-18 20:57:24.814253,1033,24352,2,22.9,74
2026-03-18 20:57:24.814253,2026-03-18 20:57:24.814253,1033,24353,3,7.5,75
2026-03-18 20:57:24.814253,2026-03-18 20:57:24.814253,1033,24363,4,6,76
2026-03-18 20:57:24.814253,2026-03-18 20:57:24.814253,1033,24357,5,5.2,77
2026-03-18 20:57:25.214175,2026-03-18 20:57:25.214175,1034,24369,1,50.23,78
2026-03-18 20:57:25.214175,2026-03-18 20:57:25.214175,1034,24371,2,10.98,79
2026-03-18 20:57:25.214175,2026-03-18 20:57:25.214175,1034,24378,3,8.01,80
2026-03-18 20:57:25.214175,2026-03-18 20:57:25.214175,1034,24385,4,6.8,81
2026-03-18 20:57:25.214175,2026-03-18 20:57:25.214175,1034,24377,5,6.17,82
2026-03-18 20:57:25.450511,2026-03-18 20:57:25.450511,1035,24408,1,17.7,83
2026-03-18 20:57:25.450511,2026-03-18 20:57:25.450511,1035,24401,2,15.7,84
2026-03-18 20:57:25.450511,2026-03-18 20:57:25.450511,1035,24390,3,15.4,85
2026-03-18 20:57:25.450511,2026-03-18 20:57:25.450511,1035,24392,4,13.4,86
2026-03-18 20:57:25.450511,2026-03-18 20:57:25.450511,1035,24391,5,7.7,87
2026-03-18 20:57:25.720874,2026-03-18 20:57:25.720874,1036,24417,1,17.6,88
2026-03-18 20:57:25.720874,2026-03-18 20:57:25.720874,1036,24409,2,16,89
2026-03-18 20:57:25.720874,2026-03-18 20:57:25.720874,1036,24412,3,15.4,90
2026-03-18 20:57:25.720874,2026-03-18 20:57:25.720874,1036,24427,4,8.3,91
2026-03-18 20:57:25.720874,2026-03-18 20:57:25.720874,1036,24410,5,7,92
2026-03-18 20:57:25.849284,2026-03-18 20:57:25.849284,1037,24432,1,19.9,93
2026-03-18 20:57:25.849284,2026-03-18 20:57:25.849284,1037,24430,2,16.5,94
2026-03-18 20:57:25.849284,2026-03-18 20:57:25.849284,1037,24433,3,8.4,95
2026-03-18 20:57:25.849284,2026-03-18 20:57:25.849284,1037,24437,4,8.3,96
2026-03-18 20:57:25.849284,2026-03-18 20:57:25.849284,1037,24441,5,7.4,97
2026-03-18 20:57:26.029165,2026-03-18 20:57:26.029165,1038,24451,1,23.3,98
2026-03-18 20:57:26.029165,2026-03-18 20:57:26.029165,1038,24449,2,19.9,99
2026-03-18 20:57:26.029165,2026-03-18 20:57:26.029165,1038,24464,3,12.4,100
2026-03-18 20:57:26.029165,2026-03-18 20:57:26.029165,1038,24452,4,8,101
2026-03-18 20:57:26.029165,2026-03-18 20:57:26.029165,1038,24457,5,6.7,102
2026-03-18 20:57:26.220722,2026-03-18 20:57:26.220722,1039,24469,1,24.6,103
2026-03-18 20:57:26.220722,2026-03-18 20:57:26.220722,1039,24472,2,18.2,104
2026-03-18 20:57:26.220722,2026-03-18 20:57:26.220722,1039,24470,3,13.5,105
2026-03-18 20:57:26.220722,2026-03-18 20:57:26.220722,1039,24479,4,12.5,106
2026-03-18 20:57:26.220722,2026-03-18 20:57:26.220722,1039,24471,5,8.2,107
2026-03-18 20:57:26.399952,2026-03-18 20:57:26.399952,1040,24493,1,26.4,108
2026-03-18 20:57:26.399952,2026-03-18 20:57:26.399952,1040,24489,2,15.1,109
2026-03-18 20:57:26.399952,2026-03-18 20:57:26.399952,1040,24491,3,10.2,110
2026-03-18 20:57:26.399952,2026-03-18 20:57:26.399952,1040,24495,4,7.4,111
2026-03-18 20:57:26.399952,2026-03-18 20:57:26.399952,1040,24500,5,7.2,112
2026-03-18 20:57:26.564691,2026-03-18 20:57:26.564691,1041,24511,1,74,113
2026-03-18 20:57:26.564691,2026-03-18 20:57:26.564691,1041,24509,2,11,114
2026-03-18 20:57:26.564691,2026-03-18 20:57:26.564691,1041,24523,3,7,115
2026-03-18 20:57:26.564691,2026-03-18 20:57:26.564691,1041,24514,4,4,116
2026-03-18 20:57:26.564691,2026-03-18 20:57:26.564691,1041,24518,5,2,117
2026-03-18 20:57:26.778481,2026-03-18 20:57:26.778481,1042,24531,1,20.6,118
2026-03-18 20:57:26.778481,2026-03-18 20:57:26.778481,1042,24532,2,18.8,119
2026-03-18 20:57:26.778481,2026-03-18 20:57:26.778481,1042,24530,3,10.2,120
2026-03-17 00:49:53.883676,2026-03-31 17:01:31.318506,1169,30063,5,7.1,10
2026-03-17 00:49:30.181826,2026-03-31 17:02:02.63271,1169,30055,4,10.2,9
2026-03-17 00:45:52.408199,2026-03-31 17:02:22.928367,1169,30043,3,11.4,8
2026-03-18 20:57:26.778481,2026-03-18 20:57:26.778481,1042,24541,4,9.5,121
2026-03-18 20:57:26.778481,2026-03-18 20:57:26.778481,1042,24534,5,8,122
2026-03-18 20:57:26.922871,2026-03-18 20:57:26.922871,1043,24550,1,20.9,123
2026-03-18 20:57:26.922871,2026-03-18 20:57:26.922871,1043,24568,2,17.4,124
2026-03-18 20:57:26.922871,2026-03-18 20:57:26.922871,1043,24562,3,14.1,125
2026-03-18 20:57:26.922871,2026-03-18 20:57:26.922871,1043,24553,4,6.9,126
2026-03-18 20:57:26.922871,2026-03-18 20:57:26.922871,1043,24565,5,6.8,127
2026-03-18 20:57:27.11302,2026-03-18 20:57:27.11302,1044,24569,1,26.2,128
2026-03-18 20:57:27.11302,2026-03-18 20:57:27.11302,1044,24571,2,24.8,129
2026-03-18 20:57:27.11302,2026-03-18 20:57:27.11302,1044,24576,3,9.8,130
2026-03-18 20:57:27.11302,2026-03-18 20:57:27.11302,1044,24578,4,5.3,131
2026-03-18 20:57:27.11302,2026-03-18 20:57:27.11302,1044,24573,5,5.2,132
2026-03-18 20:57:27.297847,2026-03-18 20:57:27.297847,1045,24600,1,21.2,133
2026-03-18 20:57:27.297847,2026-03-18 20:57:27.297847,1045,24589,2,21,134
2026-03-18 20:57:27.297847,2026-03-18 20:57:27.297847,1045,24602,3,19.6,135
2026-03-18 20:57:27.297847,2026-03-18 20:57:27.297847,1045,24591,4,8.8,136
2026-03-18 20:57:27.297847,2026-03-18 20:57:27.297847,1045,24590,5,6.6,137
2026-03-18 20:57:27.439178,2026-03-18 20:57:27.439178,1046,24609,1,34.9,138
2026-03-18 20:57:27.439178,2026-03-18 20:57:27.439178,1046,24628,2,15.3,139
2026-03-18 20:57:27.439178,2026-03-18 20:57:27.439178,1046,24613,3,11.2,140
2026-03-18 20:57:27.439178,2026-03-18 20:57:27.439178,1046,24611,4,7,141
2026-03-18 20:57:27.439178,2026-03-18 20:57:27.439178,1046,24610,5,6.1,142
2026-03-18 20:57:27.619305,2026-03-18 20:57:27.619305,1047,24631,1,21.2,143
2026-03-18 20:57:27.619305,2026-03-18 20:57:27.619305,1047,24629,2,14.3,144
2026-03-18 20:57:27.619305,2026-03-18 20:57:27.619305,1047,24632,3,11,145
2026-03-18 20:57:27.619305,2026-03-18 20:57:27.619305,1047,24648,4,8.3,146
2026-03-18 20:57:27.619305,2026-03-18 20:57:27.619305,1047,24637,5,8,147
2026-03-18 20:57:27.822668,2026-03-18 20:57:27.822668,1048,24651,1,22,148
2026-03-18 20:57:27.822668,2026-03-18 20:57:27.822668,1048,24667,2,15.5,149
2026-03-18 20:57:27.822668,2026-03-18 20:57:27.822668,1048,24650,3,15,150
2026-03-18 20:57:27.822668,2026-03-18 20:57:27.822668,1048,24649,4,11.3,151
2026-03-18 20:57:27.822668,2026-03-18 20:57:27.822668,1048,24654,5,9.3,152
2026-03-18 20:57:27.985192,2026-03-18 20:57:27.985192,1049,24671,1,21,153
2026-03-18 20:57:27.985192,2026-03-18 20:57:27.985192,1049,24670,2,15,154
2026-03-18 20:57:27.985192,2026-03-18 20:57:27.985192,1049,24675,3,14,155
2026-03-18 20:57:27.985192,2026-03-18 20:57:27.985192,1049,24669,4,10,156
2026-03-18 20:57:27.985192,2026-03-18 20:57:27.985192,1049,24684,5,8,157
2026-03-18 20:57:28.135906,2026-03-18 20:57:28.135906,1050,24689,1,20.2,158
2026-03-18 20:57:28.135906,2026-03-18 20:57:28.135906,1050,24692,2,17.6,159
2026-03-18 20:57:28.135906,2026-03-18 20:57:28.135906,1050,24691,3,12.2,160
2026-03-18 20:57:28.135906,2026-03-18 20:57:28.135906,1050,24701,4,9.4,161
2026-03-18 20:57:28.135906,2026-03-18 20:57:28.135906,1050,24693,5,8.5,162
2026-03-18 20:57:28.278319,2026-03-18 20:57:28.278319,1051,24714,1,17,163
2026-03-18 20:57:28.278319,2026-03-18 20:57:28.278319,1051,24713,2,16.2,164
2026-03-18 20:57:28.278319,2026-03-18 20:57:28.278319,1051,24709,3,14.9,165
2026-03-18 20:57:28.278319,2026-03-18 20:57:28.278319,1051,24711,4,13.9,166
2026-03-18 20:57:28.278319,2026-03-18 20:57:28.278319,1051,24717,5,10.1,167
2026-03-18 20:57:28.423265,2026-03-18 20:57:28.423265,1052,24729,1,22.2,168
2026-03-18 20:57:28.423265,2026-03-18 20:57:28.423265,1052,24734,2,13.8,169
2026-03-18 20:57:28.423265,2026-03-18 20:57:28.423265,1052,24732,3,12.8,170
2026-03-18 20:57:28.423265,2026-03-18 20:57:28.423265,1052,24748,4,11.7,171
2026-03-18 20:57:28.423265,2026-03-18 20:57:28.423265,1052,24735,5,7.1,172
2026-03-18 20:57:28.716512,2026-03-18 20:57:28.716512,1053,24758,1,26.4,173
2026-03-18 20:57:28.716512,2026-03-18 20:57:28.716512,1053,24750,2,15.1,174
2026-03-18 20:57:28.716512,2026-03-18 20:57:28.716512,1053,24768,3,14,175
2026-03-18 20:57:28.716512,2026-03-18 20:57:28.716512,1053,24751,4,9.5,176
2026-03-18 20:57:28.716512,2026-03-18 20:57:28.716512,1053,24749,5,8.8,177
2026-03-18 20:58:25.014193,2026-03-18 20:58:25.014193,1054,24773,1,15,178
2026-03-18 20:58:25.014193,2026-03-18 20:58:25.014193,1054,24772,2,13.9,179
2026-03-18 20:58:25.014193,2026-03-18 20:58:25.014193,1054,24769,3,12.7,180
2026-03-18 20:58:25.014193,2026-03-18 20:58:25.014193,1054,24774,4,12.2,181
2026-03-18 20:58:25.014193,2026-03-18 20:58:25.014193,1054,24775,5,11.6,182
2026-03-18 20:58:25.293275,2026-03-18 20:58:25.293275,1055,24805,1,34.7,183
2026-03-18 20:58:25.293275,2026-03-18 20:58:25.293275,1055,24789,2,10.9,184
2026-03-18 20:58:25.293275,2026-03-18 20:58:25.293275,1055,24790,3,10.7,185
2026-03-18 20:58:25.293275,2026-03-18 20:58:25.293275,1055,24797,4,6.6,186
2026-03-18 20:58:25.293275,2026-03-18 20:58:25.293275,1055,24794,5,5.6,187
2026-03-18 20:58:25.5262,2026-03-18 20:58:25.5262,1056,24815,1,18.1,188
2026-03-18 20:58:25.5262,2026-03-18 20:58:25.5262,1056,24809,2,14.9,189
2026-03-18 20:58:25.5262,2026-03-18 20:58:25.5262,1056,24813,3,12.8,190
2026-03-18 20:58:25.5262,2026-03-18 20:58:25.5262,1056,24810,4,8.2,191
2026-03-18 20:58:25.5262,2026-03-18 20:58:25.5262,1056,24811,5,8.1,192
2026-03-18 20:58:25.764896,2026-03-18 20:58:25.764896,1057,24829,1,,193
2026-03-18 20:58:25.764896,2026-03-18 20:58:25.764896,1057,24831,2,,194
2026-03-18 20:58:25.764896,2026-03-18 20:58:25.764896,1057,24833,3,,195
2026-03-18 20:58:25.764896,2026-03-18 20:58:25.764896,1057,24835,4,,196
2026-03-18 20:58:25.764896,2026-03-18 20:58:25.764896,1057,24840,5,,197
2026-03-18 20:58:25.994337,2026-03-18 20:58:25.994337,1058,24852,1,31.8,198
2026-03-18 20:58:25.994337,2026-03-18 20:58:25.994337,1058,24851,2,18,199
2026-03-18 20:58:25.994337,2026-03-18 20:58:25.994337,1058,24856,3,11.9,200
2026-03-18 20:58:25.994337,2026-03-18 20:58:25.994337,1058,24850,4,9.3,201
2026-03-18 20:58:25.994337,2026-03-18 20:58:25.994337,1058,24857,5,6.9,202
2026-03-18 20:58:26.174143,2026-03-18 20:58:26.174143,1059,24879,1,29.7,203
2026-03-18 20:58:26.174143,2026-03-18 20:58:26.174143,1059,24871,2,15.2,204
2026-03-18 20:58:26.174143,2026-03-18 20:58:26.174143,1059,24869,3,12.3,205
2026-03-18 20:58:26.174143,2026-03-18 20:58:26.174143,1059,24875,4,6.2,206
2026-03-18 20:58:26.174143,2026-03-18 20:58:26.174143,1059,24872,5,5,207
2026-03-18 20:58:26.400042,2026-03-18 20:58:26.400042,1060,24900,1,18.9,208
2026-03-18 20:58:26.400042,2026-03-18 20:58:26.400042,1060,24892,2,18.7,209
2026-03-18 20:58:26.400042,2026-03-18 20:58:26.400042,1060,24889,3,9.5,210
2026-03-18 20:58:26.400042,2026-03-18 20:58:26.400042,1060,24891,4,7.6,211
2026-03-18 20:58:26.400042,2026-03-18 20:58:26.400042,1060,24898,5,7.3,212
2026-03-18 20:58:26.749405,2026-03-18 20:58:26.749405,1061,24918,1,28,213
2026-03-18 20:58:26.749405,2026-03-18 20:58:26.749405,1061,24911,2,24.5,214
2026-03-18 20:58:26.749405,2026-03-18 20:58:26.749405,1061,24909,3,12.8,215
2026-03-18 20:58:26.749405,2026-03-18 20:58:26.749405,1061,24922,4,5.5,216
2026-03-18 20:58:26.749405,2026-03-18 20:58:26.749405,1061,24914,5,5.3,217
2026-03-18 20:58:26.971935,2026-03-18 20:58:26.971935,1062,24936,1,23.9,218
2026-03-18 20:58:26.971935,2026-03-18 20:58:26.971935,1062,24932,2,18.6,219
2026-03-18 20:58:26.971935,2026-03-18 20:58:26.971935,1062,24946,3,13.2,220
2026-03-18 20:58:26.971935,2026-03-18 20:58:26.971935,1062,24929,4,8.9,221
2026-03-18 20:58:26.971935,2026-03-18 20:58:26.971935,1062,24933,5,5.6,222
2026-03-18 20:58:27.133715,2026-03-18 20:58:27.133715,1063,24950,1,13.7,223
2026-03-18 20:58:27.133715,2026-03-18 20:58:27.133715,1063,24959,2,11.3,224
2026-03-18 20:58:27.133715,2026-03-18 20:58:27.133715,1063,24949,3,10.5,225
2026-03-18 20:58:27.133715,2026-03-18 20:58:27.133715,1063,24951,4,10,226
2026-03-18 20:58:27.133715,2026-03-18 20:58:27.133715,1063,24953,5,9,227
2026-03-18 20:58:27.271417,2026-03-18 20:58:27.271417,1064,24988,1,34.7,228
2026-03-18 20:58:27.271417,2026-03-18 20:58:27.271417,1064,24974,2,17.6,229
2026-03-18 20:58:27.271417,2026-03-18 20:58:27.271417,1064,24970,3,8.4,230
2026-03-18 20:58:27.271417,2026-03-18 20:58:27.271417,1064,24972,4,7.4,231
2026-03-18 20:58:27.271417,2026-03-18 20:58:27.271417,1064,24971,5,5.6,232
2026-03-18 20:58:27.413102,2026-03-18 20:58:27.413102,1065,24993,1,18.2,233
2026-03-18 20:58:27.413102,2026-03-18 20:58:27.413102,1065,24992,2,13.6,234
2026-03-18 20:58:27.413102,2026-03-18 20:58:27.413102,1065,24997,3,11.5,235
2026-03-18 20:58:27.413102,2026-03-18 20:58:27.413102,1065,25004,4,10.3,236
2026-03-18 20:58:27.413102,2026-03-18 20:58:27.413102,1065,24989,5,9.8,237
2026-03-18 20:58:27.613278,2026-03-18 20:58:27.613278,1066,25026,1,18.6,238
2026-03-18 20:58:27.613278,2026-03-18 20:58:27.613278,1066,25011,2,13.9,239
2026-03-18 20:58:27.613278,2026-03-18 20:58:27.613278,1066,25010,3,10.6,240
2026-03-18 20:58:27.613278,2026-03-18 20:58:27.613278,1066,25013,4,10.5,241
2026-03-18 20:58:27.613278,2026-03-18 20:58:27.613278,1066,25016,5,7.3,242
2026-03-18 20:58:27.847138,2026-03-18 20:58:27.847138,1067,25040,1,25.8,243
2026-03-18 20:58:27.847138,2026-03-18 20:58:27.847138,1067,25042,2,20.3,244
2026-03-18 20:58:27.847138,2026-03-18 20:58:27.847138,1067,25034,3,16.7,245
2026-03-18 20:58:27.847138,2026-03-18 20:58:27.847138,1067,25031,4,8.2,246
2026-03-18 20:58:27.847138,2026-03-18 20:58:27.847138,1067,25041,5,6.1,247
2026-03-18 20:58:28.041587,2026-03-18 20:58:28.041587,1068,25067,1,36.8,248
2026-03-18 20:58:28.041587,2026-03-18 20:58:28.041587,1068,25053,2,12.3,249
2026-03-18 20:58:28.041587,2026-03-18 20:58:28.041587,1068,25063,3,11.6,250
2026-03-18 20:58:28.041587,2026-03-18 20:58:28.041587,1068,25057,4,6.9,251
2026-03-18 20:58:28.041587,2026-03-18 20:58:28.041587,1068,25051,5,6,252
2026-03-18 20:58:28.225962,2026-03-18 20:58:28.225962,1069,25070,1,48.8,253
2026-03-18 20:58:28.225962,2026-03-18 20:58:28.225962,1069,25073,2,23.5,254
2026-03-18 20:58:28.225962,2026-03-18 20:58:28.225962,1069,25088,3,5.8,255
2026-03-18 20:58:28.225962,2026-03-18 20:58:28.225962,1069,25079,4,3.4,256
2026-03-18 20:58:28.225962,2026-03-18 20:58:28.225962,1069,25071,5,2.3,257
2026-03-18 20:58:28.426368,2026-03-18 20:58:28.426368,1070,25089,1,21.2,258
2026-03-18 20:58:28.426368,2026-03-18 20:58:28.426368,1070,25101,2,13.8,259
2026-03-18 20:58:28.426368,2026-03-18 20:58:28.426368,1070,25100,3,11.3,260
2026-03-18 20:58:28.426368,2026-03-18 20:58:28.426368,1070,25092,4,7,261
2026-03-18 20:58:28.426368,2026-03-18 20:58:28.426368,1070,25103,5,6.1,262
2026-03-18 20:58:31.566059,2026-03-18 20:58:31.566059,1071,25119,1,27.7,263
2026-03-18 20:58:31.566059,2026-03-18 20:58:31.566059,1071,25109,2,16.8,264
2026-03-18 20:58:31.566059,2026-03-18 20:58:31.566059,1071,25115,3,13,265
2026-03-18 20:58:31.566059,2026-03-18 20:58:31.566059,1071,25110,4,7.5,266
2026-03-18 20:58:31.566059,2026-03-18 20:58:31.566059,1071,25121,5,7,267
2026-03-18 20:58:31.915378,2026-03-18 20:58:31.915378,1072,25135,1,32.3,268
2026-03-18 20:58:31.915378,2026-03-18 20:58:31.915378,1072,25131,2,15.5,269
2026-03-18 20:58:31.915378,2026-03-18 20:58:31.915378,1072,25129,3,13.9,270
2026-03-18 20:58:31.915378,2026-03-18 20:58:31.915378,1072,25132,4,7.2,271
2026-03-18 20:58:31.915378,2026-03-18 20:58:31.915378,1072,25139,5,4.9,272
2026-03-18 20:58:32.095539,2026-03-18 20:58:32.095539,1073,25152,1,15.4,273
2026-03-18 20:58:32.095539,2026-03-18 20:58:32.095539,1073,25150,2,12.2,274
2026-03-18 20:58:32.095539,2026-03-18 20:58:32.095539,1073,25151,3,10.6,275
2026-03-18 20:58:32.095539,2026-03-18 20:58:32.095539,1073,25164,4,10.3,276
2026-03-18 20:58:32.095539,2026-03-18 20:58:32.095539,1073,25161,5,10,277
2026-03-18 20:58:32.298878,2026-03-18 20:58:32.298878,1074,25169,1,22.6,278
2026-03-18 20:58:32.298878,2026-03-18 20:58:32.298878,1074,25170,2,19.7,279
2026-03-18 20:58:32.298878,2026-03-18 20:58:32.298878,1074,25172,3,12.3,280
2026-03-18 20:58:32.298878,2026-03-18 20:58:32.298878,1074,25188,4,7.3,281
2026-03-18 20:58:32.298878,2026-03-18 20:58:32.298878,1074,25175,5,6.5,282
2026-03-18 20:58:32.44487,2026-03-18 20:58:32.44487,1075,25196,1,23.6,283
2026-03-18 20:58:32.44487,2026-03-18 20:58:32.44487,1075,25197,2,17.3,284
2026-03-18 20:58:32.44487,2026-03-18 20:58:32.44487,1075,25193,3,14,285
2026-03-18 20:58:32.44487,2026-03-18 20:58:32.44487,1075,25192,4,12.1,286
2026-03-18 20:58:32.44487,2026-03-18 20:58:32.44487,1075,25190,5,9,287
2026-03-18 20:58:32.615252,2026-03-18 20:58:32.615252,1076,25219,1,41.9,288
2026-03-18 20:58:32.615252,2026-03-18 20:58:32.615252,1076,25215,2,18.1,289
2026-03-18 20:58:32.615252,2026-03-18 20:58:32.615252,1076,25211,3,9.1,290
2026-03-18 20:58:32.615252,2026-03-18 20:58:32.615252,1076,25210,4,4.9,291
2026-03-18 20:58:32.615252,2026-03-18 20:58:32.615252,1076,25212,5,3.5,292
2026-03-18 20:58:32.842014,2026-03-18 20:58:32.842014,1077,25229,1,22.9,293
2026-03-18 20:58:32.842014,2026-03-18 20:58:32.842014,1077,25238,2,19,294
2026-03-18 20:58:32.842014,2026-03-18 20:58:32.842014,1077,25236,3,14,295
2026-03-18 20:58:32.842014,2026-03-18 20:58:32.842014,1077,25230,4,8.4,296
2026-03-18 20:58:32.842014,2026-03-18 20:58:32.842014,1077,25232,5,6.9,297
2026-03-18 20:58:33.036079,2026-03-18 20:58:33.036079,1078,25255,1,28.4,298
2026-03-18 20:58:33.036079,2026-03-18 20:58:33.036079,1078,25259,2,13.1,299
2026-03-18 20:58:33.036079,2026-03-18 20:58:33.036079,1078,25249,3,12.4,300
2026-03-18 20:58:33.036079,2026-03-18 20:58:33.036079,1078,25253,4,7.8,301
2026-03-18 20:58:33.036079,2026-03-18 20:58:33.036079,1078,25260,5,7.2,302
2026-03-18 20:58:33.209153,2026-03-18 20:58:33.209153,1079,25270,1,31.6,303
2026-03-18 20:58:33.209153,2026-03-18 20:58:33.209153,1079,25284,2,15.7,304
2026-03-18 20:58:33.209153,2026-03-18 20:58:33.209153,1079,25269,3,9.2,305
2026-03-18 20:58:33.209153,2026-03-18 20:58:33.209153,1079,25281,4,8.5,306
2026-03-18 20:58:33.209153,2026-03-18 20:58:33.209153,1079,25277,5,7.7,307
2026-03-18 20:58:33.417146,2026-03-18 20:58:33.417146,1080,25292,1,34.5,308
2026-03-18 20:58:33.417146,2026-03-18 20:58:33.417146,1080,25289,2,13.4,309
2026-03-18 20:58:33.417146,2026-03-18 20:58:33.417146,1080,25290,3,12.9,310
2026-03-18 20:58:33.417146,2026-03-18 20:58:33.417146,1080,25294,4,6.7,311
2026-03-18 20:58:33.417146,2026-03-18 20:58:33.417146,1080,25293,5,6,312
2026-03-18 20:58:33.584022,2026-03-18 20:58:33.584022,1081,25317,1,28.2,313
2026-03-18 20:58:33.584022,2026-03-18 20:58:33.584022,1081,25316,2,17.8,314
2026-03-18 20:58:33.584022,2026-03-18 20:58:33.584022,1081,25309,3,12.6,315
2026-03-18 20:58:33.584022,2026-03-18 20:58:33.584022,1081,25318,4,9.7,316
2026-03-18 20:58:33.584022,2026-03-18 20:58:33.584022,1081,25323,5,5,317
2026-03-18 20:58:33.763077,2026-03-18 20:58:33.763077,1083,25364,1,27.7,318
2026-03-18 20:58:33.763077,2026-03-18 20:58:33.763077,1083,25349,2,19.4,319
2026-03-18 20:58:33.763077,2026-03-18 20:58:33.763077,1083,25350,3,8.5,320
2026-03-18 20:58:33.763077,2026-03-18 20:58:33.763077,1083,25352,4,8,321
2026-03-18 20:58:33.763077,2026-03-18 20:58:33.763077,1083,25366,5,7.8,322
2026-03-18 20:58:33.949654,2026-03-18 20:58:33.949654,1084,25373,1,34.5,323
2026-03-18 20:58:33.949654,2026-03-18 20:58:33.949654,1084,25369,2,28.6,324
2026-03-18 20:58:33.949654,2026-03-18 20:58:33.949654,1084,25372,3,8.5,325
2026-03-18 20:58:33.949654,2026-03-18 20:58:33.949654,1084,25377,4,5.1,326
2026-03-18 20:58:33.949654,2026-03-18 20:58:33.949654,1084,25371,5,4.6,327
2026-03-18 20:58:34.129998,2026-03-18 20:58:34.129998,1085,25389,1,33.9,328
2026-03-18 20:58:34.129998,2026-03-18 20:58:34.129998,1085,25408,2,13.9,329
2026-03-18 20:58:34.129998,2026-03-18 20:58:34.129998,1085,25392,3,9.9,330
2026-03-18 20:58:34.129998,2026-03-18 20:58:34.129998,1085,25397,4,6.5,331
2026-03-18 20:58:34.129998,2026-03-18 20:58:34.129998,1085,25390,5,5.9,332
2026-03-18 20:58:34.312258,2026-03-18 20:58:34.312258,1086,25423,1,25.7,333
2026-03-18 20:58:34.312258,2026-03-18 20:58:34.312258,1086,25415,2,14.8,334
2026-03-18 20:58:34.312258,2026-03-18 20:58:34.312258,1086,25412,3,10.6,335
2026-03-18 20:58:34.312258,2026-03-18 20:58:34.312258,1086,25410,4,10.5,336
2026-03-18 20:58:34.312258,2026-03-18 20:58:34.312258,1086,25409,5,10.3,337
2026-03-18 20:58:34.514142,2026-03-18 20:58:34.514142,1087,25429,1,22.7,338
2026-03-18 20:58:34.514142,2026-03-18 20:58:34.514142,1087,25430,2,17.1,339
2026-03-18 20:58:34.514142,2026-03-18 20:58:34.514142,1087,25435,3,8.7,340
2026-03-18 20:58:34.514142,2026-03-18 20:58:34.514142,1087,25431,4,8.2,341
2026-03-18 20:58:34.514142,2026-03-18 20:58:34.514142,1087,25433,5,7.2,342
2026-03-18 20:58:34.664032,2026-03-18 20:58:34.664032,1088,25452,1,36.9,343
2026-03-18 20:58:34.664032,2026-03-18 20:58:34.664032,1088,25451,2,13.5,344
2026-03-18 20:58:34.664032,2026-03-18 20:58:34.664032,1088,25453,3,7.4,345
2026-03-18 20:58:34.664032,2026-03-18 20:58:34.664032,1088,25450,4,6.5,346
2026-03-18 20:58:34.664032,2026-03-18 20:58:34.664032,1088,25458,5,5.9,347
2026-03-18 20:58:34.848287,2026-03-18 20:58:34.848287,1089,25488,1,36.8,348
2026-03-18 20:58:34.848287,2026-03-18 20:58:34.848287,1089,25469,2,21.6,349
2026-03-18 20:58:34.848287,2026-03-18 20:58:34.848287,1089,25475,3,6.4,350
2026-03-18 20:58:34.848287,2026-03-18 20:58:34.848287,1089,25487,4,5.3,351
2026-03-18 20:58:34.848287,2026-03-18 20:58:34.848287,1089,25472,5,3.4,352
2026-03-18 20:58:35.049234,2026-03-18 20:58:35.049234,1090,25493,1,28.6,353
2026-03-18 20:58:35.049234,2026-03-18 20:58:35.049234,1090,25499,2,16.6,354
2026-03-18 20:58:35.049234,2026-03-18 20:58:35.049234,1090,25489,3,13.7,355
2026-03-18 20:58:35.049234,2026-03-18 20:58:35.049234,1090,25490,4,13.5,356
2026-03-18 20:58:35.049234,2026-03-18 20:58:35.049234,1090,25494,5,5.6,357
2026-03-18 20:58:35.2231,2026-03-18 20:58:35.2231,1091,25511,1,26.7,358
2026-03-18 20:58:35.2231,2026-03-18 20:58:35.2231,1091,25509,2,24.6,359
2026-03-18 20:58:35.2231,2026-03-18 20:58:35.2231,1091,25517,3,12.9,360
2026-03-18 20:58:35.2231,2026-03-18 20:58:35.2231,1091,25519,4,6.6,361
2026-03-18 20:58:35.2231,2026-03-18 20:58:35.2231,1091,25520,5,4.1,362
2026-03-18 20:58:35.383459,2026-03-18 20:58:35.383459,1092,25546,1,42.8,363
2026-03-18 20:58:35.383459,2026-03-18 20:58:35.383459,1092,25532,2,21.5,364
2026-03-18 20:58:35.383459,2026-03-18 20:58:35.383459,1092,25530,3,10.9,365
2026-03-18 20:58:35.383459,2026-03-18 20:58:35.383459,1092,25529,4,7.6,366
2026-03-18 20:58:35.383459,2026-03-18 20:58:35.383459,1092,25534,5,4.9,367
2026-03-18 20:58:38.323185,2026-03-18 20:58:38.323185,24,25549,1,28.3,368
2026-03-18 20:58:38.323185,2026-03-18 20:58:38.323185,24,25555,2,22.5,369
2026-03-18 20:58:38.323185,2026-03-18 20:58:38.323185,24,25550,3,9,370
2026-03-18 20:58:38.323185,2026-03-18 20:58:38.323185,24,25553,4,5.1,371
2026-03-18 20:58:38.323185,2026-03-18 20:58:38.323185,24,25563,5,5,372
2026-03-18 20:58:38.556038,2026-03-18 20:58:38.556038,25,25570,1,26.8,373
2026-03-18 20:58:38.556038,2026-03-18 20:58:38.556038,25,25572,2,14.5,374
2026-03-18 20:58:38.556038,2026-03-18 20:58:38.556038,25,25584,3,10.1,375
2026-03-18 20:58:38.556038,2026-03-18 20:58:38.556038,25,25569,4,9.5,376
2026-03-18 20:58:38.556038,2026-03-18 20:58:38.556038,25,25578,5,7.5,377
2026-03-18 20:58:38.738955,2026-03-18 20:58:38.738955,26,25589,1,19.7,378
2026-03-18 20:58:38.738955,2026-03-18 20:58:38.738955,26,25591,2,14.8,379
2026-03-18 20:58:38.738955,2026-03-18 20:58:38.738955,26,25595,3,9.4,380
2026-03-18 20:58:38.738955,2026-03-18 20:58:38.738955,26,25594,4,9.3,381
2026-03-18 20:58:38.738955,2026-03-18 20:58:38.738955,26,25608,5,8.2,382
2026-03-18 20:58:39.014079,2026-03-18 20:58:39.014079,27,25609,1,14.7,383
2026-03-18 20:58:39.014079,2026-03-18 20:58:39.014079,27,25615,2,11.5,384
2026-03-18 20:58:39.014079,2026-03-18 20:58:39.014079,27,25611,3,11,385
2026-03-18 20:58:39.014079,2026-03-18 20:58:39.014079,27,25619,4,9.3,386
2026-03-18 20:58:39.014079,2026-03-18 20:58:39.014079,27,25624,5,8.7,387
2026-03-18 20:58:39.241306,2026-03-18 20:58:39.241306,28,25631,1,18,388
2026-03-18 20:58:39.241306,2026-03-18 20:58:39.241306,28,25643,2,14.5,389
2026-03-18 20:58:39.241306,2026-03-18 20:58:39.241306,28,25640,3,12.7,390
2026-03-18 20:58:39.241306,2026-03-18 20:58:39.241306,28,25629,4,8.6,391
2026-03-18 20:58:39.241306,2026-03-18 20:58:39.241306,28,25632,5,7.6,392
2026-03-18 20:58:39.476045,2026-03-18 20:58:39.476045,29,25654,1,22.8,393
2026-03-18 20:58:39.476045,2026-03-18 20:58:39.476045,29,25653,2,16.3,394
2026-03-18 20:58:39.476045,2026-03-18 20:58:39.476045,29,25652,3,15.7,395
2026-03-18 20:58:39.476045,2026-03-18 20:58:39.476045,29,25650,4,11.4,396
2026-03-18 20:58:39.476045,2026-03-18 20:58:39.476045,29,25665,5,6.9,397
2026-03-18 20:58:39.681193,2026-03-18 20:58:39.681193,30,25671,1,27.6,398
2026-03-18 20:58:39.681193,2026-03-18 20:58:39.681193,30,25685,2,10.5,399
2026-03-18 20:58:39.681193,2026-03-18 20:58:39.681193,30,25670,3,9.9,400
2026-03-18 20:58:39.681193,2026-03-18 20:58:39.681193,30,25669,4,8.8,401
2026-03-18 20:58:39.681193,2026-03-18 20:58:39.681193,30,25675,5,7.4,402
2026-03-18 20:58:39.914168,2026-03-18 20:58:39.914168,31,25695,1,14.8,403
2026-03-18 20:58:39.914168,2026-03-18 20:58:39.914168,31,25691,2,13.6,404
2026-03-18 20:58:39.914168,2026-03-18 20:58:39.914168,31,25697,3,13.1,405
2026-03-18 20:58:39.914168,2026-03-18 20:58:39.914168,31,25690,4,10,406
2026-03-18 20:58:39.914168,2026-03-18 20:58:39.914168,31,25694,5,9.3,407
2026-03-18 20:58:40.106251,2026-03-18 20:58:40.106251,32,25723,1,21.6,408
2026-03-18 20:58:40.106251,2026-03-18 20:58:40.106251,32,25712,2,11.9,409
2026-03-18 20:58:40.106251,2026-03-18 20:58:40.106251,32,25711,3,10.6,410
2026-03-18 20:58:40.106251,2026-03-18 20:58:40.106251,32,25709,4,10.2,411
2026-03-18 20:58:40.106251,2026-03-18 20:58:40.106251,32,25710,5,6,412
2026-03-18 20:58:40.299395,2026-03-18 20:58:40.299395,1093,25732,1,20.7,413
2026-03-18 20:58:40.299395,2026-03-18 20:58:40.299395,1093,25733,2,20,414
2026-03-18 20:58:40.299395,2026-03-18 20:58:40.299395,1093,25729,3,11.1,415
2026-03-18 20:58:40.299395,2026-03-18 20:58:40.299395,1093,25731,4,9,416
2026-03-18 20:58:40.299395,2026-03-18 20:58:40.299395,1093,25747,5,7.1,417
2026-03-18 20:58:40.426848,2026-03-18 20:58:40.426848,1094,25755,1,24.5,418
2026-03-18 20:58:40.426848,2026-03-18 20:58:40.426848,1094,25750,2,15.3,419
2026-03-18 20:58:40.426848,2026-03-18 20:58:40.426848,1094,25757,3,10.1,420
2026-03-18 20:58:40.426848,2026-03-18 20:58:40.426848,1094,25749,4,9.6,421
2026-03-18 20:58:40.426848,2026-03-18 20:58:40.426848,1094,25751,5,8,422
2026-03-18 20:58:40.555659,2026-03-18 20:58:40.555659,1095,25777,1,40.4,423
2026-03-18 20:58:40.555659,2026-03-18 20:58:40.555659,1095,25772,2,13,424
2026-03-18 20:58:40.555659,2026-03-18 20:58:40.555659,1095,25770,3,10.7,425
2026-03-18 20:58:40.555659,2026-03-18 20:58:40.555659,1095,25769,4,6.4,426
2026-03-18 20:58:40.555659,2026-03-18 20:58:40.555659,1095,25771,5,5.4,427
2026-03-18 20:58:40.689307,2026-03-18 20:58:40.689307,1096,25798,1,34.2,428
2026-03-18 20:58:40.689307,2026-03-18 20:58:40.689307,1096,25795,2,16.4,429
2026-03-18 20:58:40.689307,2026-03-18 20:58:40.689307,1096,25789,3,11,430
2026-03-18 20:58:40.689307,2026-03-18 20:58:40.689307,1096,25806,4,8.7,431
2026-03-18 20:58:40.689307,2026-03-18 20:58:40.689307,1096,25791,5,6.6,432
2026-03-18 20:58:40.872087,2026-03-18 20:58:40.872087,1097,25809,1,31.9,433
2026-03-18 20:58:40.872087,2026-03-18 20:58:40.872087,1097,25824,2,7.6,434
2026-03-18 20:58:40.872087,2026-03-18 20:58:40.872087,1097,25817,3,6.8,435
2026-03-18 20:58:40.872087,2026-03-18 20:58:40.872087,1097,25812,4,6.5,436
2026-03-18 20:58:40.872087,2026-03-18 20:58:40.872087,1097,25816,5,6.4,437
2026-03-18 20:58:41.018108,2026-03-18 20:58:41.018108,1098,25829,1,22.6,438
2026-03-18 20:58:41.018108,2026-03-18 20:58:41.018108,1098,25832,2,20.1,439
2026-03-18 20:58:41.018108,2026-03-18 20:58:41.018108,1098,25834,3,9.5,440
2026-03-18 20:58:41.018108,2026-03-18 20:58:41.018108,1098,25841,4,8.8,441
2026-03-18 20:58:41.018108,2026-03-18 20:58:41.018108,1098,25830,5,6.9,442
2026-03-18 20:58:41.220342,2026-03-18 20:58:41.220342,1099,25861,1,24.8,443
2026-03-18 20:58:41.220342,2026-03-18 20:58:41.220342,1099,25851,2,21.1,444
2026-03-18 20:58:41.220342,2026-03-18 20:58:41.220342,1099,25850,3,13.2,445
2026-03-18 20:58:41.220342,2026-03-18 20:58:41.220342,1099,25853,4,11.1,446
2026-03-18 20:58:41.220342,2026-03-18 20:58:41.220342,1099,25849,5,7.4,447
2026-03-18 20:58:41.49627,2026-03-18 20:58:41.49627,1100,25870,1,22.6,448
2026-03-18 20:58:41.49627,2026-03-18 20:58:41.49627,1100,25885,2,16.8,449
2026-03-18 20:58:41.49627,2026-03-18 20:58:41.49627,1100,25869,3,9.6,450
2026-03-18 20:58:41.49627,2026-03-18 20:58:41.49627,1100,25874,4,9.4,451
2026-03-18 20:58:41.49627,2026-03-18 20:58:41.49627,1100,25882,5,7.9,452
2026-03-18 20:58:41.698631,2026-03-18 20:58:41.698631,1101,25897,1,16.3,453
2026-03-18 20:58:41.698631,2026-03-18 20:58:41.698631,1101,25893,2,14.5,454
2026-03-18 20:58:41.698631,2026-03-18 20:58:41.698631,1101,25889,3,13.2,455
2026-03-18 20:58:41.698631,2026-03-18 20:58:41.698631,1101,25908,4,9.7,456
2026-03-18 20:58:41.698631,2026-03-18 20:58:41.698631,1101,25894,5,7.3,457
2026-03-18 20:58:41.908353,2026-03-18 20:58:41.908353,1102,25920,1,18.4,458
2026-03-18 20:58:41.908353,2026-03-18 20:58:41.908353,1102,25913,2,18,459
2026-03-18 20:58:41.908353,2026-03-18 20:58:41.908353,1102,25917,3,15,460
2026-03-18 20:58:41.908353,2026-03-18 20:58:41.908353,1102,25910,4,10.3,461
2026-03-18 20:58:41.908353,2026-03-18 20:58:41.908353,1102,25911,5,10.2,462
2026-03-18 20:58:42.389704,2026-03-18 20:58:42.389704,1103,25939,1,24.4,463
2026-03-18 20:58:42.389704,2026-03-18 20:58:42.389704,1103,25932,2,16.7,464
2026-03-18 20:58:42.389704,2026-03-18 20:58:42.389704,1103,25929,3,12,465
2026-03-18 20:58:42.389704,2026-03-18 20:58:42.389704,1103,25931,4,10.6,466
2026-03-18 20:58:42.389704,2026-03-18 20:58:42.389704,1103,25945,5,5,467
2026-03-18 20:58:42.560252,2026-03-18 20:58:42.560252,1104,25956,1,17.1,468
2026-03-18 20:58:42.560252,2026-03-18 20:58:42.560252,1104,25955,2,16,469
2026-03-18 20:58:42.560252,2026-03-18 20:58:42.560252,1104,25951,3,12.5,470
2026-03-18 20:58:42.560252,2026-03-18 20:58:42.560252,1104,25958,4,11.3,471
2026-03-18 20:58:42.560252,2026-03-18 20:58:42.560252,1104,25953,5,6.4,472
2026-03-18 20:58:42.747424,2026-03-18 20:58:42.747424,1105,25977,1,56.6,473
2026-03-18 20:58:42.747424,2026-03-18 20:58:42.747424,1105,25970,2,9.1,474
2026-03-18 20:58:42.747424,2026-03-18 20:58:42.747424,1105,25971,3,6.5,475
2026-03-18 20:58:42.747424,2026-03-18 20:58:42.747424,1105,25973,4,5.5,476
2026-03-18 20:58:42.747424,2026-03-18 20:58:42.747424,1105,25978,5,4.8,477
2026-03-18 20:58:45.616256,2026-03-18 20:58:45.616256,16,25993,1,53.3,478
2026-03-18 20:58:45.616256,2026-03-18 20:58:45.616256,16,26008,2,6.5,479
2026-03-18 20:58:45.616256,2026-03-18 20:58:45.616256,16,25989,3,6.3,480
2026-03-18 20:58:45.616256,2026-03-18 20:58:45.616256,16,25995,4,5.5,481
2026-03-18 20:58:45.616256,2026-03-18 20:58:45.616256,16,25991,5,4.4,482
2026-03-18 20:58:45.836873,2026-03-18 20:58:45.836873,17,26023,1,26.3,483
2026-03-18 20:58:45.836873,2026-03-18 20:58:45.836873,17,26009,2,19.8,484
2026-03-18 20:58:45.836873,2026-03-18 20:58:45.836873,17,26011,3,14.6,485
2026-03-18 20:58:45.836873,2026-03-18 20:58:45.836873,17,26010,4,7.2,486
2026-03-18 20:58:45.836873,2026-03-18 20:58:45.836873,17,26016,5,6.7,487
2026-03-18 20:58:46.03518,2026-03-18 20:58:46.03518,18,26048,1,21.3,488
2026-03-18 20:58:46.03518,2026-03-18 20:58:46.03518,18,26031,2,14.3,489
2026-03-18 20:58:46.03518,2026-03-18 20:58:46.03518,18,26037,3,10.3,490
2026-03-18 20:58:46.03518,2026-03-18 20:58:46.03518,18,26041,4,9.6,491
2026-03-18 20:58:46.03518,2026-03-18 20:58:46.03518,18,26033,5,9,492
2026-03-18 20:58:46.245708,2026-03-18 20:58:46.245708,19,26051,1,29.1,493
2026-03-18 20:58:46.245708,2026-03-18 20:58:46.245708,19,26054,2,14.3,494
2026-03-18 20:58:46.245708,2026-03-18 20:58:46.245708,19,26049,3,11.4,495
2026-03-18 20:58:46.245708,2026-03-18 20:58:46.245708,19,26053,4,9.1,496
2026-03-18 20:58:46.245708,2026-03-18 20:58:46.245708,19,26050,5,6.6,497
2026-03-18 20:58:46.376102,2026-03-18 20:58:46.376102,20,26077,1,27.1,498
2026-03-18 20:58:46.376102,2026-03-18 20:58:46.376102,20,26069,2,12.5,499
2026-03-18 20:58:46.376102,2026-03-18 20:58:46.376102,20,26070,3,9.8,500
2026-03-18 20:58:46.376102,2026-03-18 20:58:46.376102,20,26081,4,8.6,501
2026-03-18 20:58:46.376102,2026-03-18 20:58:46.376102,20,26074,5,7.9,502
2026-03-18 20:58:46.54817,2026-03-18 20:58:46.54817,21,26092,1,23.5,503
2026-03-18 20:58:46.54817,2026-03-18 20:58:46.54817,21,26090,2,22.6,504
2026-03-18 20:58:46.54817,2026-03-18 20:58:46.54817,21,26089,3,16.5,505
2026-03-18 20:58:46.54817,2026-03-18 20:58:46.54817,21,26094,4,7.5,506
2026-03-18 20:58:46.54817,2026-03-18 20:58:46.54817,21,26091,5,6.2,507
2026-03-18 20:58:46.711037,2026-03-18 20:58:46.711037,22,26113,1,24.7,508
2026-03-18 20:58:46.711037,2026-03-18 20:58:46.711037,22,26119,2,19.2,509
2026-03-18 20:58:46.711037,2026-03-18 20:58:46.711037,22,26120,3,11.3,510
2026-03-18 20:58:46.711037,2026-03-18 20:58:46.711037,22,26109,4,10.6,511
2026-03-18 20:58:46.711037,2026-03-18 20:58:46.711037,22,26117,5,5.4,512
2026-03-18 20:58:46.843838,2026-03-18 20:58:46.843838,23,26138,1,28.7,513
2026-03-18 20:58:46.843838,2026-03-18 20:58:46.843838,23,26132,2,16.4,514
2026-03-18 20:58:46.843838,2026-03-18 20:58:46.843838,23,26131,3,16.3,515
2026-03-18 20:58:46.843838,2026-03-18 20:58:46.843838,23,26129,4,7.4,516
2026-03-18 20:58:46.843838,2026-03-18 20:58:46.843838,23,26139,5,7.3,517
2026-03-18 20:58:47.031073,2026-03-18 20:58:47.031073,1106,26152,1,26.1,518
2026-03-18 20:58:47.031073,2026-03-18 20:58:47.031073,1106,26151,2,22.4,519
2026-03-18 20:58:47.031073,2026-03-18 20:58:47.031073,1106,26163,3,21.8,520
2026-03-18 20:58:47.031073,2026-03-18 20:58:47.031073,1106,26150,4,7.6,521
2026-03-18 20:58:47.031073,2026-03-18 20:58:47.031073,1106,26149,5,6.5,522
2026-03-18 20:58:47.211032,2026-03-18 20:58:47.211032,1107,26170,1,45.5,523
2026-03-18 20:58:47.211032,2026-03-18 20:58:47.211032,1107,26175,2,12.1,524
2026-03-18 20:58:47.211032,2026-03-18 20:58:47.211032,1107,26171,3,10.8,525
2026-03-18 20:58:47.211032,2026-03-18 20:58:47.211032,1107,26184,4,8.1,526
2026-03-18 20:58:47.211032,2026-03-18 20:58:47.211032,1107,26169,5,5.1,527
2026-03-18 20:58:47.465894,2026-03-18 20:58:47.465894,1108,26197,1,20.7,528
2026-03-18 20:58:47.465894,2026-03-18 20:58:47.465894,1108,26191,2,20.4,529
2026-03-18 20:58:47.465894,2026-03-18 20:58:47.465894,1108,26192,3,13.7,530
2026-03-18 20:58:47.465894,2026-03-18 20:58:47.465894,1108,26206,4,8.4,531
2026-03-18 20:58:47.465894,2026-03-18 20:58:47.465894,1108,26190,5,7.6,532
2026-03-18 20:58:47.662506,2026-03-18 20:58:47.662506,1109,26209,1,15.5,533
2026-03-18 20:58:47.662506,2026-03-18 20:58:47.662506,1109,26210,2,14.8,534
2026-03-18 20:58:47.662506,2026-03-18 20:58:47.662506,1109,26219,3,14.6,535
2026-03-18 20:58:47.662506,2026-03-18 20:58:47.662506,1109,26215,4,8,536
2026-03-18 20:58:47.662506,2026-03-18 20:58:47.662506,1109,26211,5,7.3,537
2026-03-18 20:58:47.868241,2026-03-18 20:58:47.868241,1110,26233,1,20.9,538
2026-03-18 20:58:47.868241,2026-03-18 20:58:47.868241,1110,26232,2,14,539
2026-03-18 20:58:47.868241,2026-03-18 20:58:47.868241,1110,26229,3,10.9,540
2026-03-18 20:58:47.868241,2026-03-18 20:58:47.868241,1110,26240,4,9.1,541
2026-03-18 20:58:47.868241,2026-03-18 20:58:47.868241,1110,26241,5,9,542
2026-03-18 20:58:48.074786,2026-03-18 20:58:48.074786,1111,26249,1,31.5,543
2026-03-18 20:58:48.074786,2026-03-18 20:58:48.074786,1111,26253,2,14.8,544
2026-03-18 20:58:48.074786,2026-03-18 20:58:48.074786,1111,26250,3,13.3,545
2026-03-18 20:58:48.074786,2026-03-18 20:58:48.074786,1111,26254,4,10.7,546
2026-03-18 20:58:48.074786,2026-03-18 20:58:48.074786,1111,26251,5,6,547
2026-03-18 20:58:48.233672,2026-03-18 20:58:48.233672,1112,26269,1,21.2,548
2026-03-18 20:58:48.233672,2026-03-18 20:58:48.233672,1112,26278,2,14.4,549
2026-03-18 20:58:48.233672,2026-03-18 20:58:48.233672,1112,26272,3,13.6,550
2026-03-18 20:58:48.233672,2026-03-18 20:58:48.233672,1112,26270,4,9.8,551
2026-03-18 20:58:48.233672,2026-03-18 20:58:48.233672,1112,26279,5,7.6,552
2026-03-18 20:58:48.437866,2026-03-18 20:58:48.437866,1113,26290,1,28.2,553
2026-03-18 20:58:48.437866,2026-03-18 20:58:48.437866,1113,26291,2,15.8,554
2026-03-18 20:58:48.437866,2026-03-18 20:58:48.437866,1113,26289,3,14.4,555
2026-03-18 20:58:48.437866,2026-03-18 20:58:48.437866,1113,26292,4,7.5,556
2026-03-18 20:58:48.437866,2026-03-18 20:58:48.437866,1113,26295,5,6.8,557
2026-03-18 20:58:48.579725,2026-03-18 20:58:48.579725,1114,26314,1,27.9,558
2026-03-18 20:58:48.579725,2026-03-18 20:58:48.579725,1114,26310,2,17.3,559
2026-03-18 20:58:48.579725,2026-03-18 20:58:48.579725,1114,26318,3,16.4,560
2026-03-18 20:58:48.579725,2026-03-18 20:58:48.579725,1114,26309,4,11.4,561
2026-03-18 20:58:48.579725,2026-03-18 20:58:48.579725,1114,26313,5,4.6,562
2026-03-18 20:58:48.728002,2026-03-18 20:58:48.728002,1115,26330,1,26,563
2026-03-18 20:58:48.728002,2026-03-18 20:58:48.728002,1115,26331,2,23.3,564
2026-03-18 20:58:48.728002,2026-03-18 20:58:48.728002,1115,26334,3,14.4,565
2026-03-18 20:58:48.728002,2026-03-18 20:58:48.728002,1115,26337,4,7.5,566
2026-03-18 20:58:48.728002,2026-03-18 20:58:48.728002,1115,26345,5,6.8,567
2026-03-18 20:58:48.926357,2026-03-18 20:58:48.926357,1116,26367,1,29.5,568
2026-03-18 20:58:48.926357,2026-03-18 20:58:48.926357,1116,26352,2,21.6,569
2026-03-18 20:58:48.926357,2026-03-18 20:58:48.926357,1116,26354,3,12.2,570
2026-03-18 20:58:48.926357,2026-03-18 20:58:48.926357,1116,26353,4,8.3,571
2026-03-18 20:58:48.926357,2026-03-18 20:58:48.926357,1116,26351,5,7.5,572
2026-03-18 20:58:49.168262,2026-03-18 20:58:49.168262,1117,26375,1,26.1,573
2026-03-18 20:58:49.168262,2026-03-18 20:58:49.168262,1117,26372,2,24.7,574
2026-03-18 20:58:49.168262,2026-03-18 20:58:49.168262,1117,26377,3,15.8,575
2026-03-18 20:58:49.168262,2026-03-18 20:58:49.168262,1117,26369,4,6,576
2026-03-18 20:58:49.168262,2026-03-18 20:58:49.168262,1117,26384,5,4,577
2026-03-18 20:58:49.398323,2026-03-18 20:58:49.398323,1118,26389,1,21.6,578
2026-03-18 20:58:49.398323,2026-03-18 20:58:49.398323,1118,26400,2,19.1,579
2026-03-18 20:58:49.398323,2026-03-18 20:58:49.398323,1118,26407,3,13.4,580
2026-03-18 20:58:49.398323,2026-03-18 20:58:49.398323,1118,26391,4,13,581
2026-03-18 20:58:49.398323,2026-03-18 20:58:49.398323,1118,26399,5,6.2,582
2026-03-18 20:58:49.58702,2026-03-18 20:58:49.58702,1119,26414,1,24.2,583
2026-03-18 20:58:49.58702,2026-03-18 20:58:49.58702,1119,26410,2,14.3,584
2026-03-18 20:58:49.58702,2026-03-18 20:58:49.58702,1119,26417,3,11.3,585
2026-03-18 20:58:49.58702,2026-03-18 20:58:49.58702,1119,26413,4,9.7,586
2026-03-18 20:58:49.58702,2026-03-18 20:58:49.58702,1119,26409,5,9,587
2026-03-18 20:58:54.360055,2026-03-18 20:58:54.360055,1120,26432,1,31.4,588
2026-03-18 20:58:54.360055,2026-03-18 20:58:54.360055,1120,26429,2,13.3,589
2026-03-18 20:58:54.360055,2026-03-18 20:58:54.360055,1120,26433,3,11.4,590
2026-03-18 20:58:54.360055,2026-03-18 20:58:54.360055,1120,26430,4,8,591
2026-03-18 20:58:54.360055,2026-03-18 20:58:54.360055,1120,26435,5,5.2,592
2026-03-18 20:58:54.640256,2026-03-18 20:58:54.640256,1121,26459,1,48.3,593
2026-03-18 20:58:54.640256,2026-03-18 20:58:54.640256,1121,26456,2,7.3,594
2026-03-18 20:58:54.640256,2026-03-18 20:58:54.640256,1121,26461,3,6.7,595
2026-03-18 20:58:54.640256,2026-03-18 20:58:54.640256,1121,26451,4,5.9,596
2026-03-18 20:58:54.640256,2026-03-18 20:58:54.640256,1121,26454,5,5.2,597
2026-03-18 20:58:54.828832,2026-03-18 20:58:54.828832,1122,26470,1,38.4,598
2026-03-18 20:58:54.828832,2026-03-18 20:58:54.828832,1122,26472,2,11.6,599
2026-03-18 20:58:54.828832,2026-03-18 20:58:54.828832,1122,26474,3,10.2,600
2026-03-18 20:58:54.828832,2026-03-18 20:58:54.828832,1122,26473,4,8.7,601
2026-03-18 20:58:54.828832,2026-03-18 20:58:54.828832,1122,26469,5,5.5,602
2026-03-18 20:58:55.030143,2026-03-18 20:58:55.030143,1123,26495,1,23.8,603
2026-03-18 20:58:55.030143,2026-03-18 20:58:55.030143,1123,26497,2,17.7,604
2026-03-18 20:58:55.030143,2026-03-18 20:58:55.030143,1123,26491,3,14.6,605
2026-03-18 20:58:55.030143,2026-03-18 20:58:55.030143,1123,26489,4,8.3,606
2026-03-18 20:58:55.030143,2026-03-18 20:58:55.030143,1123,26490,5,8,607
2026-03-18 20:58:55.248165,2026-03-18 20:58:55.248165,1124,26511,1,26.4,608
2026-03-18 20:58:55.248165,2026-03-18 20:58:55.248165,1124,26525,2,13.9,609
2026-03-18 20:58:55.248165,2026-03-18 20:58:55.248165,1124,26510,3,13.6,610
2026-03-18 20:58:55.248165,2026-03-18 20:58:55.248165,1124,26513,4,9,611
2026-03-18 20:58:55.248165,2026-03-18 20:58:55.248165,1124,26508,5,6.3,612
2026-03-18 20:58:55.395281,2026-03-18 20:58:55.395281,1125,26532,1,41.1,613
2026-03-18 20:58:55.395281,2026-03-18 20:58:55.395281,1125,26543,2,14.6,614
2026-03-18 20:58:55.395281,2026-03-18 20:58:55.395281,1125,26533,3,8.5,615
2026-03-18 20:58:55.395281,2026-03-18 20:58:55.395281,1125,26535,4,5.9,616
2026-03-18 20:58:55.395281,2026-03-18 20:58:55.395281,1125,26529,5,4.6,617
2026-03-18 20:58:55.569235,2026-03-18 20:58:55.569235,1126,26550,1,31.4,618
2026-03-18 20:58:55.569235,2026-03-18 20:58:55.569235,1126,26551,2,11.3,619
2026-03-18 20:58:55.569235,2026-03-18 20:58:55.569235,1126,26549,3,9,620
2026-03-18 20:58:55.569235,2026-03-18 20:58:55.569235,1126,26548,4,8.6,621
2026-03-18 20:58:55.569235,2026-03-18 20:58:55.569235,1126,26554,5,6.5,622
2026-03-18 20:58:55.785392,2026-03-18 20:58:55.785392,1127,26568,1,32.4,623
2026-03-18 20:58:55.785392,2026-03-18 20:58:55.785392,1127,26585,2,12.4,624
2026-03-18 20:58:55.785392,2026-03-18 20:58:55.785392,1127,26569,3,7.9,625
2026-03-18 20:58:55.785392,2026-03-18 20:58:55.785392,1127,26570,4,6.4,626
2026-03-18 20:58:55.785392,2026-03-18 20:58:55.785392,1127,26571,5,4.7,627
2026-03-18 20:58:55.959183,2026-03-18 20:58:55.959183,1128,26590,1,24.7,628
2026-03-18 20:58:55.959183,2026-03-18 20:58:55.959183,1128,26589,2,11.8,629
2026-03-18 20:58:55.959183,2026-03-18 20:58:55.959183,1128,26594,3,9.5,630
2026-03-18 20:58:55.959183,2026-03-18 20:58:55.959183,1128,26588,4,9,631
2026-03-18 20:58:55.959183,2026-03-18 20:58:55.959183,1128,26591,5,6.6,632
2026-03-18 20:58:56.19442,2026-03-18 20:58:56.19442,1129,26608,1,28.3,633
2026-03-18 20:58:56.19442,2026-03-18 20:58:56.19442,1129,26609,2,15.8,634
2026-03-18 20:58:56.19442,2026-03-18 20:58:56.19442,1129,26610,3,15.7,635
2026-03-18 20:58:56.19442,2026-03-18 20:58:56.19442,1129,26613,4,7.6,636
2026-03-18 20:58:56.19442,2026-03-18 20:58:56.19442,1129,26611,5,7,637
2026-03-18 20:58:56.382748,2026-03-18 20:58:56.382748,1130,26629,1,24.6,638
2026-03-18 20:58:56.382748,2026-03-18 20:58:56.382748,1130,26628,2,16.4,639
2026-03-18 20:58:56.382748,2026-03-18 20:58:56.382748,1130,26634,3,10.7,640
2026-03-18 20:58:56.382748,2026-03-18 20:58:56.382748,1130,26633,4,8.2,641
2026-03-18 20:58:56.382748,2026-03-18 20:58:56.382748,1130,26630,5,6.7,642
2026-03-18 20:58:56.566275,2026-03-18 20:58:56.566275,1131,26649,1,36.1,643
2026-03-18 20:58:56.566275,2026-03-18 20:58:56.566275,1131,26650,2,15.7,644
2026-03-18 20:58:56.566275,2026-03-18 20:58:56.566275,1131,26651,3,13.4,645
2026-03-18 20:58:56.566275,2026-03-18 20:58:56.566275,1131,26653,4,6.6,646
2026-03-18 20:58:56.566275,2026-03-18 20:58:56.566275,1131,26652,5,6.4,647
2026-03-18 20:58:56.713997,2026-03-18 20:58:56.713997,1132,26669,1,34.9,648
2026-03-18 20:58:56.713997,2026-03-18 20:58:56.713997,1132,26672,2,13.9,649
2026-03-18 20:58:56.713997,2026-03-18 20:58:56.713997,1132,26668,3,13.8,650
2026-03-18 20:58:56.713997,2026-03-18 20:58:56.713997,1132,26670,4,8.2,651
2026-03-18 20:58:56.713997,2026-03-18 20:58:56.713997,1132,26673,5,6.7,652
2026-03-18 20:58:56.830999,2026-03-18 20:58:56.830999,1133,26691,1,26.1,653
2026-03-18 20:58:56.830999,2026-03-18 20:58:56.830999,1133,26693,2,14.9,654
2026-03-18 20:58:56.830999,2026-03-18 20:58:56.830999,1133,26688,3,10.7,655
2026-03-18 20:58:56.830999,2026-03-18 20:58:56.830999,1133,26694,4,9.4,656
2026-03-18 20:58:56.830999,2026-03-18 20:58:56.830999,1133,26689,5,7.1,657
2026-03-18 20:58:57.014261,2026-03-18 20:58:57.014261,1134,26708,1,24.6,658
2026-03-18 20:58:57.014261,2026-03-18 20:58:57.014261,1134,26713,2,17.5,659
2026-03-18 20:58:57.014261,2026-03-18 20:58:57.014261,1134,26718,3,14,660
2026-03-18 20:58:57.014261,2026-03-18 20:58:57.014261,1134,26717,4,8.6,661
2026-03-18 20:58:57.014261,2026-03-18 20:58:57.014261,1134,26709,5,7.8,662
2026-03-18 20:58:57.162785,2026-03-18 20:58:57.162785,1135,26731,1,26.4,663
2026-03-18 20:58:57.162785,2026-03-18 20:58:57.162785,1135,26729,2,17.4,664
2026-03-18 20:58:57.162785,2026-03-18 20:58:57.162785,1135,26732,3,11.2,665
2026-03-18 20:58:57.162785,2026-03-18 20:58:57.162785,1135,26745,4,11.1,666
2026-03-18 20:58:57.162785,2026-03-18 20:58:57.162785,1135,26728,5,8.2,667
2026-03-18 20:58:57.31653,2026-03-18 20:58:57.31653,1136,26749,1,29.6,668
2026-03-18 20:58:57.31653,2026-03-18 20:58:57.31653,1136,26763,2,14.2,669
2026-03-18 20:58:57.31653,2026-03-18 20:58:57.31653,1136,26748,3,12.3,670
2026-03-18 20:58:57.31653,2026-03-18 20:58:57.31653,1136,26751,4,9.3,671
2026-03-18 20:58:57.31653,2026-03-18 20:58:57.31653,1136,26756,5,7.8,672
2026-03-18 20:58:57.498241,2026-03-18 20:58:57.498241,1137,26783,1,20.1,673
2026-03-18 20:58:57.498241,2026-03-18 20:58:57.498241,1137,26768,2,17.8,674
2026-03-18 20:58:57.498241,2026-03-18 20:58:57.498241,1137,26776,3,13.6,675
2026-03-18 20:58:57.498241,2026-03-18 20:58:57.498241,1137,26779,4,8.7,676
2026-03-18 20:58:57.498241,2026-03-18 20:58:57.498241,1137,26772,5,8,677
2026-03-18 20:58:57.799595,2026-03-18 20:58:57.799595,1138,26791,1,27.4,678
2026-03-18 20:58:57.799595,2026-03-18 20:58:57.799595,1138,26804,2,16.3,679
2026-03-18 20:58:57.799595,2026-03-18 20:58:57.799595,1138,26789,3,10.1,680
2026-03-18 20:58:57.799595,2026-03-18 20:58:57.799595,1138,26790,4,8.9,681
2026-03-18 20:58:57.799595,2026-03-18 20:58:57.799595,1138,26788,5,8.5,682
2026-03-18 20:58:57.962985,2026-03-18 20:58:57.962985,1139,26808,1,27.2,683
2026-03-18 20:58:57.962985,2026-03-18 20:58:57.962985,1139,26810,2,12.3,684
2026-03-18 20:58:57.962985,2026-03-18 20:58:57.962985,1139,26809,3,9.2,685
2026-03-18 20:58:57.962985,2026-03-18 20:58:57.962985,1139,26823,4,8.1,686
2026-03-18 20:58:57.962985,2026-03-18 20:58:57.962985,1139,26811,5,7.4,687
2026-03-18 20:58:58.163065,2026-03-18 20:58:58.163065,1140,26839,1,39.6,688
2026-03-18 20:58:58.163065,2026-03-18 20:58:58.163065,1140,26831,2,11.1,689
2026-03-18 20:58:58.163065,2026-03-18 20:58:58.163065,1140,26845,3,6.7,690
2026-03-18 20:58:58.163065,2026-03-18 20:58:58.163065,1140,26842,4,5.5,691
2026-03-18 20:58:58.163065,2026-03-18 20:58:58.163065,1140,26828,5,5.1,692
2026-03-18 20:58:58.364768,2026-03-18 20:58:58.364768,1141,26857,1,32.7,693
2026-03-18 20:58:58.364768,2026-03-18 20:58:58.364768,1141,26852,2,13.2,694
2026-03-18 20:58:58.364768,2026-03-18 20:58:58.364768,1141,26848,3,10.2,695
2026-03-18 20:58:58.364768,2026-03-18 20:58:58.364768,1141,26849,4,7.4,696
2026-03-18 20:58:58.364768,2026-03-18 20:58:58.364768,1141,26861,5,6.2,697
2026-03-18 20:58:58.526101,2026-03-18 20:58:58.526101,1142,26879,1,29.7,698
2026-03-18 20:58:58.526101,2026-03-18 20:58:58.526101,1142,26868,2,17.5,699
2026-03-18 20:58:58.526101,2026-03-18 20:58:58.526101,1142,26872,3,9.8,700
2026-03-18 20:58:58.526101,2026-03-18 20:58:58.526101,1142,26870,4,8.6,701
2026-03-18 20:58:58.526101,2026-03-18 20:58:58.526101,1142,26878,5,7.4,702
2026-03-18 20:58:58.690144,2026-03-18 20:58:58.690144,1143,26901,1,29.4,703
2026-03-18 20:58:58.690144,2026-03-18 20:58:58.690144,1143,26905,2,20.2,704
2026-03-18 20:58:58.690144,2026-03-18 20:58:58.690144,1143,26888,3,12.3,705
2026-03-18 20:58:58.690144,2026-03-18 20:58:58.690144,1143,26890,4,9.2,706
2026-03-18 20:58:58.690144,2026-03-18 20:58:58.690144,1143,26896,5,4.5,707
2026-03-18 20:59:02.890199,2026-03-18 20:59:02.890199,1144,26908,1,20.7,708
2026-03-18 20:59:02.890199,2026-03-18 20:59:02.890199,1144,26909,2,17.2,709
2026-03-18 20:59:02.890199,2026-03-18 20:59:02.890199,1144,26913,3,15.9,710
2026-03-18 20:59:02.890199,2026-03-18 20:59:02.890199,1144,26912,4,11.3,711
2026-03-18 20:59:02.890199,2026-03-18 20:59:02.890199,1144,26915,5,8.3,712
2026-03-18 20:59:03.151975,2026-03-18 20:59:03.151975,1145,26935,1,20.7,713
2026-03-18 20:59:03.151975,2026-03-18 20:59:03.151975,1145,26928,2,15.6,714
2026-03-18 20:59:03.151975,2026-03-18 20:59:03.151975,1145,26944,3,12.9,715
2026-03-18 20:59:03.151975,2026-03-18 20:59:03.151975,1145,26933,4,8.4,716
2026-03-18 20:59:03.151975,2026-03-18 20:59:03.151975,1145,26931,5,6.5,717
2026-03-18 20:59:03.417456,2026-03-18 20:59:03.417456,1146,26962,1,23.7,718
2026-03-18 20:59:03.417456,2026-03-18 20:59:03.417456,1146,26948,2,19.7,719
2026-03-18 20:59:03.417456,2026-03-18 20:59:03.417456,1146,26953,3,13.6,720
2026-03-18 20:59:03.417456,2026-03-18 20:59:03.417456,1146,26950,4,7.9,721
2026-03-18 20:59:03.417456,2026-03-18 20:59:03.417456,1146,26954,5,7,722
2026-03-18 20:59:03.625238,2026-03-18 20:59:03.625238,1147,26976,1,29.6,723
2026-03-18 20:59:03.625238,2026-03-18 20:59:03.625238,1147,26968,2,14.1,724
2026-03-18 20:59:03.625238,2026-03-18 20:59:03.625238,1147,26970,3,7.8,725
2026-03-18 20:59:03.625238,2026-03-18 20:59:03.625238,1147,26973,4,6.7,726
2026-03-18 20:59:03.625238,2026-03-18 20:59:03.625238,1147,26972,5,6.5,727
2026-03-18 20:59:03.782123,2026-03-18 20:59:03.782123,1148,26988,1,23.3,728
2026-03-18 20:59:03.782123,2026-03-18 20:59:03.782123,1148,26991,2,16.3,729
2026-03-18 20:59:03.782123,2026-03-18 20:59:03.782123,1148,26997,3,15.1,730
2026-03-18 20:59:03.782123,2026-03-18 20:59:03.782123,1148,26989,4,13.8,731
2026-03-18 20:59:03.782123,2026-03-18 20:59:03.782123,1148,26993,5,5.5,732
2026-03-18 20:59:03.942735,2026-03-18 20:59:03.942735,1149,27011,1,20.7,733
2026-03-18 20:59:03.942735,2026-03-18 20:59:03.942735,1149,27014,2,19,734
2026-03-18 20:59:03.942735,2026-03-18 20:59:03.942735,1149,27009,3,14.2,735
2026-03-18 20:59:03.942735,2026-03-18 20:59:03.942735,1149,27008,4,9.3,736
2026-03-18 20:59:03.942735,2026-03-18 20:59:03.942735,1149,27019,5,8.7,737
2026-03-18 20:59:04.070646,2026-03-18 20:59:04.070646,1150,27029,1,19,738
2026-03-18 20:59:04.070646,2026-03-18 20:59:04.070646,1150,27034,2,14.9,739
2026-03-18 20:59:04.070646,2026-03-18 20:59:04.070646,1150,27038,3,11,740
2026-03-18 20:59:04.070646,2026-03-18 20:59:04.070646,1150,27039,4,9.5,741
2026-03-18 20:59:04.070646,2026-03-18 20:59:04.070646,1150,27028,5,9.3,742
2026-03-18 20:59:04.245482,2026-03-18 20:59:04.245482,1151,27049,1,20.1,743
2026-03-18 20:59:04.245482,2026-03-18 20:59:04.245482,1151,27053,2,16.8,744
2026-03-18 20:59:04.245482,2026-03-18 20:59:04.245482,1151,27048,3,14.6,745
2026-03-18 20:59:04.245482,2026-03-18 20:59:04.245482,1151,27052,4,7,746
2026-03-18 20:59:04.245482,2026-03-18 20:59:04.245482,1151,27051,5,6.2,747
2026-03-18 20:59:04.399749,2026-03-18 20:59:04.399749,1152,27070,1,19.7,748
2026-03-18 20:59:04.399749,2026-03-18 20:59:04.399749,1152,27068,2,14.5,749
2026-03-18 20:59:04.399749,2026-03-18 20:59:04.399749,1152,27083,3,10.6,750
2026-03-18 20:59:04.399749,2026-03-18 20:59:04.399749,1152,27074,4,9.6,751
2026-03-18 20:59:04.399749,2026-03-18 20:59:04.399749,1152,27069,5,9.3,752
2026-03-18 20:59:04.596826,2026-03-18 20:59:04.596826,1153,27091,1,27.3,753
2026-03-18 20:59:04.596826,2026-03-18 20:59:04.596826,1153,27088,2,11.7,754
2026-03-18 20:59:04.596826,2026-03-18 20:59:04.596826,1153,27089,3,11.1,755
2026-03-18 20:59:04.596826,2026-03-18 20:59:04.596826,1153,27094,4,9.3,756
2026-03-18 20:59:04.596826,2026-03-18 20:59:04.596826,1153,27100,5,6.7,757
2026-03-18 20:59:04.836686,2026-03-18 20:59:04.836686,1154,27115,1,30,758
2026-03-18 20:59:04.836686,2026-03-18 20:59:04.836686,1154,27108,2,15.7,759
2026-03-18 20:59:04.836686,2026-03-18 20:59:04.836686,1154,27110,3,10.7,760
2026-03-18 20:59:04.836686,2026-03-18 20:59:04.836686,1154,27113,4,6.8,761
2026-03-18 20:59:04.836686,2026-03-18 20:59:04.836686,1154,27109,5,6.7,762
2026-03-18 20:59:05.113793,2026-03-18 20:59:05.113793,1155,27146,1,49,763
2026-03-18 20:59:05.113793,2026-03-18 20:59:05.113793,1155,27132,2,11.5,764
2026-03-18 20:59:05.113793,2026-03-18 20:59:05.113793,1155,27130,3,8.6,765
2026-03-18 20:59:05.113793,2026-03-18 20:59:05.113793,1155,27128,4,5.9,766
2026-03-18 20:59:05.113793,2026-03-18 20:59:05.113793,1155,27145,5,5.8,767
2026-03-18 20:59:05.325732,2026-03-18 20:59:05.325732,1156,27163,1,38.8,768
2026-03-18 20:59:05.325732,2026-03-18 20:59:05.325732,1156,27149,2,10.6,769
2026-03-18 20:59:05.325732,2026-03-18 20:59:05.325732,1156,27150,3,9.6,770
2026-03-18 20:59:05.325732,2026-03-18 20:59:05.325732,1156,27148,4,6.7,771
2026-03-18 20:59:05.325732,2026-03-18 20:59:05.325732,1156,27152,5,6.3,772
2026-03-18 20:59:05.477342,2026-03-18 20:59:05.477342,1157,27174,1,18.8,773
2026-03-18 20:59:05.477342,2026-03-18 20:59:05.477342,1157,27172,2,18.3,774
2026-03-18 20:59:05.477342,2026-03-18 20:59:05.477342,1157,27168,3,15.2,775
2026-03-18 20:59:05.477342,2026-03-18 20:59:05.477342,1157,27170,4,9.8,776
2026-03-18 20:59:05.477342,2026-03-18 20:59:05.477342,1157,27169,5,7.7,777
2026-03-18 20:59:05.65913,2026-03-18 20:59:05.65913,1158,27191,1,38.6,778
2026-03-18 20:59:05.65913,2026-03-18 20:59:05.65913,1158,27190,2,8.7,779
2026-03-18 20:59:05.65913,2026-03-18 20:59:05.65913,1158,27193,3,8.1,780
2026-03-18 20:59:05.65913,2026-03-18 20:59:05.65913,1158,27188,4,6.8,781
2026-03-18 20:59:05.65913,2026-03-18 20:59:05.65913,1158,27189,5,5.9,782
2026-03-18 20:59:05.793948,2026-03-18 20:59:05.793948,1159,27208,1,29.4,783
2026-03-18 20:59:05.793948,2026-03-18 20:59:05.793948,1159,27212,2,17,784
2026-03-18 20:59:05.793948,2026-03-18 20:59:05.793948,1159,27211,3,10,785
2026-03-18 20:59:05.793948,2026-03-18 20:59:05.793948,1159,27209,4,8,786
2026-03-18 20:59:05.793948,2026-03-18 20:59:05.793948,1159,27221,5,5.7,787
2026-03-18 20:59:05.924831,2026-03-18 20:59:05.924831,1160,27229,1,28.6,788
2026-03-18 20:59:05.924831,2026-03-18 20:59:05.924831,1160,27228,2,18.5,789
2026-03-18 20:59:05.924831,2026-03-18 20:59:05.924831,1160,27232,3,8.3,790
2026-03-18 20:59:05.924831,2026-03-18 20:59:05.924831,1160,27239,4,8.3,791
2026-03-18 20:59:05.924831,2026-03-18 20:59:05.924831,1160,27230,5,7.4,792
2026-03-18 20:59:06.051802,2026-03-18 20:59:06.051802,1161,27257,1,22.5,793
2026-03-18 20:59:06.051802,2026-03-18 20:59:06.051802,1161,27248,2,16.4,794
2026-03-18 20:59:06.051802,2026-03-18 20:59:06.051802,1161,27249,3,14.5,795
2026-03-18 20:59:06.051802,2026-03-18 20:59:06.051802,1161,27252,4,8.7,796
2026-03-18 20:59:06.051802,2026-03-18 20:59:06.051802,1161,27253,5,7.6,797
2026-03-18 20:59:06.227251,2026-03-18 20:59:06.227251,1162,27270,1,35,798
2026-03-18 20:59:06.227251,2026-03-18 20:59:06.227251,1162,27268,2,18.2,799
2026-03-18 20:59:06.227251,2026-03-18 20:59:06.227251,1162,27269,3,8.9,800
2026-03-18 20:59:06.227251,2026-03-18 20:59:06.227251,1162,27272,4,7.8,801
2026-03-18 20:59:06.227251,2026-03-18 20:59:06.227251,1162,27280,5,6,802
2026-03-18 20:59:06.422141,2026-03-18 20:59:06.422141,1163,27297,1,41.3,803
2026-03-18 20:59:06.422141,2026-03-18 20:59:06.422141,1163,27292,2,14.5,804
2026-03-18 20:59:06.422141,2026-03-18 20:59:06.422141,1163,27288,3,11.2,805
2026-03-18 20:59:06.422141,2026-03-18 20:59:06.422141,1163,27290,4,6.6,806
2026-03-18 20:59:06.422141,2026-03-18 20:59:06.422141,1163,27289,5,6.5,807
2026-03-18 20:59:06.651348,2026-03-18 20:59:06.651348,1164,27323,1,56.7,808
2026-03-18 20:59:06.651348,2026-03-18 20:59:06.651348,1164,27309,2,10,809
2026-03-18 20:59:06.651348,2026-03-18 20:59:06.651348,1164,27308,3,8.5,810
2026-03-18 20:59:06.651348,2026-03-18 20:59:06.651348,1164,27315,4,6.2,811
2026-03-18 20:59:06.651348,2026-03-18 20:59:06.651348,1164,27311,5,3.8,812
2026-03-18 20:59:06.791332,2026-03-18 20:59:06.791332,1165,27329,1,26.2,813
2026-03-18 20:59:06.791332,2026-03-18 20:59:06.791332,1165,27344,2,16.4,814
2026-03-18 20:59:06.791332,2026-03-18 20:59:06.791332,1165,27347,3,14.5,815
2026-03-18 20:59:06.791332,2026-03-18 20:59:06.791332,1165,27336,4,13.5,816
2026-03-18 20:59:06.791332,2026-03-18 20:59:06.791332,1165,27328,5,7.5,817
2026-03-18 20:59:06.919848,2026-03-18 20:59:06.919848,1166,27350,1,31.2,818
2026-03-18 20:59:06.919848,2026-03-18 20:59:06.919848,1166,27354,2,30,819
2026-03-18 20:59:06.919848,2026-03-18 20:59:06.919848,1166,27348,3,10.2,820
2026-03-18 20:59:06.919848,2026-03-18 20:59:06.919848,1166,27352,4,6.7,821
2026-03-18 20:59:06.919848,2026-03-18 20:59:06.919848,1166,27349,5,5.6,822
2026-03-18 20:59:07.102254,2026-03-18 20:59:07.102254,1167,27368,1,19,823
2026-03-18 20:59:07.102254,2026-03-18 20:59:07.102254,1167,27369,2,16.3,824
2026-03-18 20:59:07.102254,2026-03-18 20:59:07.102254,1167,27383,3,13.4,825
2026-03-18 20:59:07.102254,2026-03-18 20:59:07.102254,1167,27372,4,12.2,826
2026-03-18 20:59:07.102254,2026-03-18 20:59:07.102254,1167,27377,5,11.3,827
2026-03-31 16:02:32.677125,2026-03-31 16:54:19.786193,1170,30079,1,27.36,828
2026-03-31 16:03:40.533679,2026-03-31 16:54:24.7018,1170,30083,2,18.94,829
2026-03-31 16:04:47.372925,2026-03-31 16:54:29.694501,1170,30074,3,12.65,830
2026-03-31 16:05:01.377009,2026-03-31 16:54:34.514369,1170,30075,4,7.04,831
2026-03-31 16:05:19.84649,2026-03-31 16:54:38.979385,1170,30085,5,6.84,832
2026-03-17 00:44:23.656928,2026-03-31 16:59:55.366378,1169,30061,1,23.4,6
2026-03-31 17:01:17.887689,2026-03-31 17:01:17.887689,1169,30053,2,22.3,833
2026-06-19 20:24:25.92986,2026-06-19 20:24:25.92986,1173,30160,1,26.3,834
2026-06-19 20:24:52.079868,2026-06-19 20:24:52.079868,1173,30158,2,18.3,835
2026-06-19 20:25:33.948544,2026-06-19 20:25:33.948544,1173,30149,3,13.2,836
2026-06-19 20:26:38.660093,2026-06-19 20:26:38.660093,1173,30140,4,11,837
2026-06-19 20:27:20.838103,2026-06-19 20:27:20.838103,1173,30153,5,9.2,838
2026-06-19 20:30:04.418984,2026-06-19 20:30:04.418984,1174,30172,1,27.7,839
2026-06-19 20:30:26.922145,2026-06-19 20:30:26.922145,1174,30180,2,17.1,840
2026-06-19 20:30:47.238797,2026-06-19 20:30:47.238797,1174,30182,3,15.7,841
2026-06-19 20:31:29.468138,2026-06-19 20:31:29.468138,1174,30162,4,9.7,842
2026-06-19 20:31:55.503985,2026-06-19 20:31:55.503985,1174,30179,5,6.2,843
2026-06-19 20:33:18.035938,2026-06-20 13:23:49.97293,1175,30202,1,22.4,844
2026-06-19 20:33:37.227779,2026-06-20 13:26:56.591155,1175,30193,2,14.1,845
2026-06-19 20:34:07.206711,2026-06-20 13:27:17.291284,1175,30194,3,14.1,846
2026-06-19 20:36:40.200774,2026-06-20 13:27:33.033874,1175,30203,4,11.2,847
2026-06-19 20:36:59.24897,2026-06-20 13:27:45.648763,1175,30183,5,5.3,848
2026-06-20 13:29:57.009279,2026-06-20 13:29:57.009279,1176,30216,1,51.9,849
2026-06-20 13:30:12.138901,2026-06-20 13:30:12.138901,1176,30226,2,8.3,850
2026-06-20 13:30:30.7385,2026-06-20 13:30:30.7385,1176,30224,3,7.5,851
2026-06-20 13:30:47.373119,2026-06-20 13:30:47.373119,1176,30215,4,6,852
2026-06-20 13:31:03.555633,2026-06-20 13:31:03.555633,1176,30219,5,5.5,853
2026-06-30 01:10:44.659846,2026-06-30 01:10:44.659846,1177,30248,1,39.6,854
2026-06-30 01:11:24.434358,2026-06-30 01:11:24.434358,1177,30245,2,11.4,855
2026-06-30 01:11:42.249406,2026-06-30 01:11:42.249406,1177,30238,3,10.3,856
2026-06-30 01:12:08.327451,2026-06-30 01:12:08.327451,1177,30246,4,10,857
2026-06-30 01:12:25.364612,2026-06-30 01:12:25.364612,1177,30242,5,8.3,858
