event_id,championship_id,id,created_at,updated_at
33,3,8,2026-02-06 15:17:13.067804+00,2026-02-06 15:17:13.067804+00
34,3,9,2026-02-06 15:17:13.067804+00,2026-02-06 15:17:13.067804+00
35,3,10,2026-02-06 15:17:13.067804+00,2026-02-06 15:17:13.067804+00
36,3,11,2026-02-06 15:17:13.067804+00,2026-02-06 15:17:13.067804+00
37,3,12,2026-02-06 15:17:13.067804+00,2026-02-06 15:17:13.067804+00
38,3,13,2026-02-06 15:17:13.067804+00,2026-02-06 15:17:13.067804+00
39,3,14,2026-02-06 15:17:13.067804+00,2026-02-06 15:17:13.067804+00
40,3,15,2026-02-06 15:17:13.067804+00,2026-02-06 15:17:13.067804+00
41,3,16,2026-02-06 15:17:13.067804+00,2026-02-06 15:17:13.067804+00
1,1,17,2026-02-06 15:17:13.067804+00,2026-02-06 15:17:13.067804+00
2,1,18,2026-02-06 15:17:13.067804+00,2026-02-06 15:17:13.067804+00
3,1,20,2026-02-06 15:17:13.067804+00,2026-02-06 15:17:13.067804+00
4,1,21,2026-02-06 15:17:13.067804+00,2026-02-06 15:17:13.067804+00
5,1,22,2026-02-06 15:17:13.067804+00,2026-02-06 15:17:13.067804+00
6,1,23,2026-02-06 15:17:13.067804+00,2026-02-06 15:17:13.067804+00
7,1,24,2026-02-06 15:17:13.067804+00,2026-02-06 15:17:13.067804+00
76,1,25,2026-02-06 15:17:13.067804+00,2026-02-06 15:17:13.067804+00
77,1,26,2026-02-06 15:17:13.067804+00,2026-02-06 15:17:13.067804+00
78,1,27,2026-02-06 15:17:13.067804+00,2026-02-06 15:17:13.067804+00
79,1,28,2026-02-06 15:17:13.067804+00,2026-02-06 15:17:13.067804+00
80,1,29,2026-02-06 15:17:13.067804+00,2026-02-06 15:17:13.067804+00
81,1,30,2026-02-06 15:17:13.067804+00,2026-02-06 15:17:13.067804+00
82,1,31,2026-02-06 15:17:13.067804+00,2026-02-06 15:17:13.067804+00
16,1,32,2026-02-06 15:17:13.067804+00,2026-02-06 15:17:13.067804+00
17,1,33,2026-02-06 15:17:13.067804+00,2026-02-06 15:17:13.067804+00
18,1,34,2026-02-06 15:17:13.067804+00,2026-02-06 15:17:13.067804+00
19,1,35,2026-02-06 15:17:13.067804+00,2026-02-06 15:17:13.067804+00
20,1,36,2026-02-06 15:17:13.067804+00,2026-02-06 15:17:13.067804+00
21,1,37,2026-02-06 15:17:13.067804+00,2026-02-06 15:17:13.067804+00
22,1,38,2026-02-06 15:17:13.067804+00,2026-02-06 15:17:13.067804+00
23,1,39,2026-02-06 15:17:13.067804+00,2026-02-06 15:17:13.067804+00
24,1,40,2026-02-06 15:17:13.067804+00,2026-02-06 15:17:13.067804+00
25,1,41,2026-02-06 15:17:13.067804+00,2026-02-06 15:17:13.067804+00
26,1,42,2026-02-06 15:17:13.067804+00,2026-02-06 15:17:13.067804+00
28,1,44,2026-02-06 15:17:13.067804+00,2026-02-06 15:17:13.067804+00
29,1,45,2026-02-06 15:17:13.067804+00,2026-02-06 15:17:13.067804+00
30,1,46,2026-02-06 15:17:13.067804+00,2026-02-06 15:17:13.067804+00
31,1,47,2026-02-06 15:17:13.067804+00,2026-02-06 15:17:13.067804+00
32,1,48,2026-02-06 15:17:13.067804+00,2026-02-06 15:17:13.067804+00
83,1,49,2026-02-06 15:17:13.067804+00,2026-02-06 15:17:13.067804+00
43,1,50,2026-02-06 15:17:13.067804+00,2026-02-06 15:17:13.067804+00
44,1,51,2026-02-06 15:17:13.067804+00,2026-02-06 15:17:13.067804+00
45,1,52,2026-02-06 15:17:13.067804+00,2026-02-06 15:17:13.067804+00
46,1,53,2026-02-06 15:17:13.067804+00,2026-02-06 15:17:13.067804+00
47,1,54,2026-02-06 15:17:13.067804+00,2026-02-06 15:17:13.067804+00
48,1,55,2026-02-06 15:17:13.067804+00,2026-02-06 15:17:13.067804+00
49,1,56,2026-02-06 15:17:13.067804+00,2026-02-06 15:17:13.067804+00
50,1,57,2026-02-06 15:17:13.067804+00,2026-02-06 15:17:13.067804+00
51,1,58,2026-02-06 15:17:13.067804+00,2026-02-06 15:17:13.067804+00
52,1,59,2026-02-06 15:17:13.067804+00,2026-02-06 15:17:13.067804+00
53,1,60,2026-02-06 15:17:13.067804+00,2026-02-06 15:17:13.067804+00
54,1,61,2026-02-06 15:17:13.067804+00,2026-02-06 15:17:13.067804+00
55,1,62,2026-02-06 15:17:13.067804+00,2026-02-06 15:17:13.067804+00
56,1,63,2026-02-06 15:17:13.067804+00,2026-02-06 15:17:13.067804+00
57,1,64,2026-02-06 15:17:13.067804+00,2026-02-06 15:17:13.067804+00
58,1,65,2026-02-06 15:17:13.067804+00,2026-02-06 15:17:13.067804+00
59,1,66,2026-02-06 15:17:13.067804+00,2026-02-06 15:17:13.067804+00
60,1,67,2026-02-06 15:17:13.067804+00,2026-02-06 15:17:13.067804+00
61,1,68,2026-02-06 15:17:13.067804+00,2026-02-06 15:17:13.067804+00
62,1,69,2026-02-06 15:17:13.067804+00,2026-02-06 15:17:13.067804+00
63,1,70,2026-02-06 15:17:13.067804+00,2026-02-06 15:17:13.067804+00
64,1,71,2026-02-06 15:17:13.067804+00,2026-02-06 15:17:13.067804+00
65,1,72,2026-02-06 15:17:13.067804+00,2026-02-06 15:17:13.067804+00
66,1,73,2026-02-06 15:17:13.067804+00,2026-02-06 15:17:13.067804+00
67,1,74,2026-02-06 15:17:13.067804+00,2026-02-06 15:17:13.067804+00
68,1,75,2026-02-06 15:17:13.067804+00,2026-02-06 15:17:13.067804+00
69,1,76,2026-02-06 15:17:13.067804+00,2026-02-06 15:17:13.067804+00
70,1,77,2026-02-06 15:17:13.067804+00,2026-02-06 15:17:13.067804+00
71,1,78,2026-02-06 15:17:13.067804+00,2026-02-06 15:17:13.067804+00
72,1,79,2026-02-06 15:17:13.067804+00,2026-02-06 15:17:13.067804+00
73,1,80,2026-02-06 15:17:13.067804+00,2026-02-06 15:17:13.067804+00
74,1,81,2026-02-06 15:17:13.067804+00,2026-02-06 15:17:13.067804+00
75,1,82,2026-02-06 15:17:13.067804+00,2026-02-06 15:17:13.067804+00
84,1,83,2026-02-06 15:17:13.067804+00,2026-02-06 15:17:13.067804+00
85,1,84,2026-02-06 15:17:13.067804+00,2026-02-06 15:17:13.067804+00
86,1,85,2026-02-06 15:17:13.067804+00,2026-02-06 15:17:13.067804+00
87,1,86,2026-02-06 15:17:13.067804+00,2026-02-06 15:17:13.067804+00
88,1,87,2026-02-06 15:17:13.067804+00,2026-02-06 15:17:13.067804+00
89,1,88,2026-02-06 15:17:13.067804+00,2026-02-06 15:17:13.067804+00
90,1,89,2026-02-06 15:17:13.067804+00,2026-02-06 15:17:13.067804+00
91,1,90,2026-02-06 15:17:13.067804+00,2026-02-06 15:17:13.067804+00
92,1,91,2026-02-06 15:17:13.067804+00,2026-02-06 15:17:13.067804+00
93,1,92,2026-02-06 15:17:13.067804+00,2026-02-06 15:17:13.067804+00
94,1,93,2026-02-06 15:17:13.067804+00,2026-02-06 15:17:13.067804+00
95,1,94,2026-02-06 15:17:13.067804+00,2026-02-06 15:17:13.067804+00
96,1,95,2026-02-06 15:17:13.067804+00,2026-02-06 15:17:13.067804+00
97,1,96,2026-02-06 15:17:13.067804+00,2026-02-06 15:17:13.067804+00
98,1,97,2026-02-06 15:17:13.067804+00,2026-02-06 15:17:13.067804+00
99,1,98,2026-02-06 15:17:13.067804+00,2026-02-06 15:17:13.067804+00
100,1,99,2026-02-06 15:17:13.067804+00,2026-02-06 15:17:13.067804+00
101,1,100,2026-02-06 15:17:13.067804+00,2026-02-06 15:17:13.067804+00
102,1,101,2026-02-06 15:17:13.067804+00,2026-02-06 15:17:13.067804+00
103,1,102,2026-02-06 15:17:13.067804+00,2026-02-06 15:17:13.067804+00
104,1,103,2026-02-06 15:17:13.067804+00,2026-02-06 15:17:13.067804+00
105,1,104,2026-02-06 15:17:13.067804+00,2026-02-06 15:17:13.067804+00
106,1,105,2026-02-06 15:17:13.067804+00,2026-02-06 15:17:13.067804+00
107,1,106,2026-02-06 15:17:13.067804+00,2026-02-06 15:17:13.067804+00
108,1,107,2026-02-06 15:17:13.067804+00,2026-02-06 15:17:13.067804+00
109,1,108,2026-02-06 15:17:13.067804+00,2026-02-06 15:17:13.067804+00
110,1,109,2026-02-06 15:17:13.067804+00,2026-02-06 15:17:13.067804+00
111,1,110,2026-02-06 15:17:13.067804+00,2026-02-06 15:17:13.067804+00
112,1,111,2026-02-06 15:17:13.067804+00,2026-02-06 15:17:13.067804+00
113,1,112,2026-02-06 15:17:13.067804+00,2026-02-06 15:17:13.067804+00
114,1,113,2026-02-06 15:17:13.067804+00,2026-02-06 15:17:13.067804+00
115,1,114,2026-02-06 15:17:13.067804+00,2026-02-06 15:17:13.067804+00
116,1,115,2026-02-06 15:17:13.067804+00,2026-02-06 15:17:13.067804+00
117,1,116,2026-02-06 15:17:13.067804+00,2026-02-06 15:17:13.067804+00
118,1,117,2026-02-06 15:17:13.067804+00,2026-02-06 15:17:13.067804+00
119,1,118,2026-02-06 15:17:13.067804+00,2026-02-06 15:17:13.067804+00
120,1,119,2026-02-06 15:17:13.067804+00,2026-02-06 15:17:13.067804+00
121,1,120,2026-02-06 15:17:13.067804+00,2026-02-06 15:17:13.067804+00
122,1,121,2026-02-06 15:17:13.067804+00,2026-02-06 15:17:13.067804+00
123,1,122,2026-02-06 15:17:13.067804+00,2026-02-06 15:17:13.067804+00
124,1,123,2026-02-06 15:17:13.067804+00,2026-02-06 15:17:13.067804+00
125,1,124,2026-02-06 15:17:13.067804+00,2026-02-06 15:17:13.067804+00
126,1,125,2026-02-06 15:17:13.067804+00,2026-02-06 15:17:13.067804+00
127,1,126,2026-02-06 15:17:13.067804+00,2026-02-06 15:17:13.067804+00
128,1,127,2026-02-06 15:17:13.067804+00,2026-02-06 15:17:13.067804+00
129,1,128,2026-02-06 15:17:13.067804+00,2026-02-06 15:17:13.067804+00
130,1,129,2026-02-06 15:17:13.067804+00,2026-02-06 15:17:13.067804+00
131,1,130,2026-02-06 15:17:13.067804+00,2026-02-06 15:17:13.067804+00
132,1,131,2026-02-06 15:17:13.067804+00,2026-02-06 15:17:13.067804+00
133,1,132,2026-02-06 15:17:13.067804+00,2026-02-06 15:17:13.067804+00
134,1,133,2026-02-06 15:17:13.067804+00,2026-02-06 15:17:13.067804+00
135,1,134,2026-02-06 15:17:13.067804+00,2026-02-06 15:17:13.067804+00
136,1,135,2026-02-06 15:17:13.067804+00,2026-02-06 15:17:13.067804+00
137,1,136,2026-02-06 15:17:13.067804+00,2026-02-06 15:17:13.067804+00
138,1,137,2026-02-06 15:17:13.067804+00,2026-02-06 15:17:13.067804+00
139,1,138,2026-02-06 15:17:13.067804+00,2026-02-06 15:17:13.067804+00
140,1,139,2026-02-06 15:17:13.067804+00,2026-02-06 15:17:13.067804+00
141,1,140,2026-02-06 15:17:13.067804+00,2026-02-06 15:17:13.067804+00
142,1,141,2026-02-06 15:17:13.067804+00,2026-02-06 15:17:13.067804+00
143,1,142,2026-02-06 15:17:13.067804+00,2026-02-06 15:17:13.067804+00
144,1,143,2026-02-06 15:17:13.067804+00,2026-02-06 15:17:13.067804+00
145,1,144,2026-02-06 15:17:13.067804+00,2026-02-06 15:17:13.067804+00
146,1,145,2026-02-06 15:17:13.067804+00,2026-02-06 15:17:13.067804+00
147,1,146,2026-02-06 15:17:13.067804+00,2026-02-06 15:17:13.067804+00
148,1,147,2026-02-06 15:17:13.067804+00,2026-02-06 15:17:13.067804+00
149,1,148,2026-02-06 15:17:13.067804+00,2026-02-06 15:17:13.067804+00
150,1,149,2026-02-06 15:17:13.067804+00,2026-02-06 15:17:13.067804+00
151,1,150,2026-02-06 15:17:13.067804+00,2026-02-06 15:17:13.067804+00
152,1,151,2026-02-06 15:17:13.067804+00,2026-02-06 15:17:13.067804+00
153,1,152,2026-02-06 15:17:13.067804+00,2026-02-06 15:17:13.067804+00
154,1,153,2026-02-06 15:17:13.067804+00,2026-02-06 15:17:13.067804+00
155,1,154,2026-02-06 15:17:13.067804+00,2026-02-06 15:17:13.067804+00
156,1,155,2026-02-06 15:17:13.067804+00,2026-02-06 15:17:13.067804+00
157,1,156,2026-02-06 15:17:13.067804+00,2026-02-06 15:17:13.067804+00
158,1,157,2026-02-06 15:17:13.067804+00,2026-02-06 15:17:13.067804+00
159,1,158,2026-02-06 15:17:13.067804+00,2026-02-06 15:17:13.067804+00
160,1,159,2026-02-06 15:17:13.067804+00,2026-02-06 15:17:13.067804+00
161,1,160,2026-02-06 15:17:13.067804+00,2026-02-06 15:17:13.067804+00
162,1,161,2026-02-06 15:17:13.067804+00,2026-02-06 15:17:13.067804+00
163,1,162,2026-02-06 15:17:13.067804+00,2026-02-06 15:17:13.067804+00
164,1,163,2026-02-06 15:17:13.067804+00,2026-02-06 15:17:13.067804+00
165,1,164,2026-02-06 15:17:13.067804+00,2026-02-06 15:17:13.067804+00
166,1,165,2026-02-06 15:17:13.067804+00,2026-02-06 15:17:13.067804+00
167,1,166,2026-02-06 15:17:13.067804+00,2026-02-06 15:17:13.067804+00
168,1,167,2026-02-06 15:17:13.067804+00,2026-02-06 15:17:13.067804+00
169,1,168,2026-02-06 15:17:13.067804+00,2026-02-06 15:17:13.067804+00
170,1,169,2026-02-06 15:17:13.067804+00,2026-02-06 15:17:13.067804+00
171,1,170,2026-02-06 15:17:13.067804+00,2026-02-06 15:17:13.067804+00
172,1,171,2026-02-06 15:17:13.067804+00,2026-02-06 15:17:13.067804+00
173,1,172,2026-02-06 15:17:13.067804+00,2026-02-06 15:17:13.067804+00
174,1,173,2026-02-06 15:17:13.067804+00,2026-02-06 15:17:13.067804+00
175,1,174,2026-02-06 15:17:13.067804+00,2026-02-06 15:17:13.067804+00
176,1,175,2026-02-06 15:17:13.067804+00,2026-02-06 15:17:13.067804+00
177,1,176,2026-02-06 15:17:13.067804+00,2026-02-06 15:17:13.067804+00
178,1,177,2026-02-06 15:17:13.067804+00,2026-02-06 15:17:13.067804+00
179,1,178,2026-02-06 15:17:13.067804+00,2026-02-06 15:17:13.067804+00
180,1,179,2026-02-06 15:17:13.067804+00,2026-02-06 15:17:13.067804+00
181,1,180,2026-02-06 15:17:13.067804+00,2026-02-06 15:17:13.067804+00
182,1,181,2026-02-06 15:17:13.067804+00,2026-02-06 15:17:13.067804+00
183,1,182,2026-02-06 15:17:13.067804+00,2026-02-06 15:17:13.067804+00
184,1,183,2026-02-06 15:17:13.067804+00,2026-02-06 15:17:13.067804+00
185,1,184,2026-02-06 15:17:13.067804+00,2026-02-06 15:17:13.067804+00
186,1,185,2026-02-06 15:17:13.067804+00,2026-02-06 15:17:13.067804+00
187,1,186,2026-02-06 15:17:13.067804+00,2026-02-06 15:17:13.067804+00
188,1,187,2026-02-06 15:17:13.067804+00,2026-02-06 15:17:13.067804+00
189,1,188,2026-02-06 15:17:13.067804+00,2026-02-06 15:17:13.067804+00
190,1,189,2026-02-06 15:17:13.067804+00,2026-02-06 15:17:13.067804+00
191,1,190,2026-02-06 15:17:13.067804+00,2026-02-06 15:17:13.067804+00
192,1,191,2026-02-06 15:17:13.067804+00,2026-02-06 15:17:13.067804+00
193,1,192,2026-02-06 15:17:13.067804+00,2026-02-06 15:17:13.067804+00
194,1,193,2026-02-06 15:17:13.067804+00,2026-02-06 15:17:13.067804+00
195,1,194,2026-02-06 15:17:13.067804+00,2026-02-06 15:17:13.067804+00
196,1,195,2026-02-06 15:17:13.067804+00,2026-02-06 15:17:13.067804+00
197,1,196,2026-02-06 15:17:13.067804+00,2026-02-06 15:17:13.067804+00
198,1,197,2026-02-06 15:17:13.067804+00,2026-02-06 15:17:13.067804+00
199,1,198,2026-02-06 15:17:13.067804+00,2026-02-06 15:17:13.067804+00
200,1,199,2026-02-06 15:17:13.067804+00,2026-02-06 15:17:13.067804+00
201,1,200,2026-02-06 15:17:13.067804+00,2026-02-06 15:17:13.067804+00
202,1,201,2026-02-06 15:17:13.067804+00,2026-02-06 15:17:13.067804+00
203,1,202,2026-02-06 15:17:13.067804+00,2026-02-06 15:17:13.067804+00
204,1,203,2026-02-06 15:17:13.067804+00,2026-02-06 15:17:13.067804+00
205,1,204,2026-02-06 15:17:13.067804+00,2026-02-06 15:17:13.067804+00
206,1,205,2026-02-06 15:17:13.067804+00,2026-02-06 15:17:13.067804+00
207,1,206,2026-02-06 15:17:13.067804+00,2026-02-06 15:17:13.067804+00
208,1,207,2026-02-06 15:17:13.067804+00,2026-02-06 15:17:13.067804+00
209,1,208,2026-02-06 15:17:13.067804+00,2026-02-06 15:17:13.067804+00
210,1,209,2026-02-06 15:17:13.067804+00,2026-02-06 15:17:13.067804+00
211,1,210,2026-02-06 15:17:13.067804+00,2026-02-06 15:17:13.067804+00
212,1,211,2026-02-06 15:17:13.067804+00,2026-02-06 15:17:13.067804+00
213,1,212,2026-02-06 15:17:13.067804+00,2026-02-06 15:17:13.067804+00
214,1,213,2026-02-06 15:17:13.067804+00,2026-02-06 15:17:13.067804+00
215,1,214,2026-02-06 15:17:13.067804+00,2026-02-06 15:17:13.067804+00
216,1,215,2026-02-06 15:17:13.067804+00,2026-02-06 15:17:13.067804+00
217,1,216,2026-02-06 15:17:13.067804+00,2026-02-06 15:17:13.067804+00
218,1,217,2026-02-06 15:17:13.067804+00,2026-02-06 15:17:13.067804+00
219,1,218,2026-02-06 15:17:13.067804+00,2026-02-06 15:17:13.067804+00
220,1,219,2026-02-06 15:17:13.067804+00,2026-02-06 15:17:13.067804+00
221,1,220,2026-02-06 15:17:13.067804+00,2026-02-06 15:17:13.067804+00
222,1,221,2026-02-06 15:17:13.067804+00,2026-02-06 15:17:13.067804+00
223,1,222,2026-02-06 15:17:13.067804+00,2026-02-06 15:17:13.067804+00
224,1,223,2026-02-06 15:17:13.067804+00,2026-02-06 15:17:13.067804+00
225,1,224,2026-02-06 15:17:13.067804+00,2026-02-06 15:17:13.067804+00
226,1,225,2026-02-06 15:17:13.067804+00,2026-02-06 15:17:13.067804+00
227,1,226,2026-02-06 15:17:13.067804+00,2026-02-06 15:17:13.067804+00
228,1,227,2026-02-06 15:17:13.067804+00,2026-02-06 15:17:13.067804+00
229,1,228,2026-02-06 15:17:13.067804+00,2026-02-06 15:17:13.067804+00
230,1,229,2026-02-06 15:17:13.067804+00,2026-02-06 15:17:13.067804+00
231,1,230,2026-02-06 15:17:13.067804+00,2026-02-06 15:17:13.067804+00
232,1,231,2026-02-06 15:17:13.067804+00,2026-02-06 15:17:13.067804+00
233,1,232,2026-02-06 15:17:13.067804+00,2026-02-06 15:17:13.067804+00
234,1,233,2026-02-06 15:17:13.067804+00,2026-02-06 15:17:13.067804+00
235,1,234,2026-02-06 15:17:13.067804+00,2026-02-06 15:17:13.067804+00
236,1,235,2026-02-06 15:17:13.067804+00,2026-02-06 15:17:13.067804+00
237,1,236,2026-02-06 15:17:13.067804+00,2026-02-06 15:17:13.067804+00
238,1,237,2026-02-06 15:17:13.067804+00,2026-02-06 15:17:13.067804+00
239,1,238,2026-02-06 15:17:13.067804+00,2026-02-06 15:17:13.067804+00
240,1,239,2026-02-06 15:17:13.067804+00,2026-02-06 15:17:13.067804+00
241,1,240,2026-02-06 15:17:13.067804+00,2026-02-06 15:17:13.067804+00
242,1,241,2026-02-06 15:17:13.067804+00,2026-02-06 15:17:13.067804+00
243,1,242,2026-02-06 15:17:13.067804+00,2026-02-06 15:17:13.067804+00
244,1,243,2026-02-06 15:17:13.067804+00,2026-02-06 15:17:13.067804+00
245,1,244,2026-02-06 15:17:13.067804+00,2026-02-06 15:17:13.067804+00
246,1,245,2026-02-06 15:17:13.067804+00,2026-02-06 15:17:13.067804+00
247,1,246,2026-02-06 15:17:13.067804+00,2026-02-06 15:17:13.067804+00
248,1,247,2026-02-06 15:17:13.067804+00,2026-02-06 15:17:13.067804+00
249,1,248,2026-02-06 15:17:13.067804+00,2026-02-06 15:17:13.067804+00
250,1,249,2026-02-06 15:17:13.067804+00,2026-02-06 15:17:13.067804+00
251,1,250,2026-02-06 15:17:13.067804+00,2026-02-06 15:17:13.067804+00
252,1,251,2026-02-06 15:17:13.067804+00,2026-02-06 15:17:13.067804+00
253,1,252,2026-02-06 15:17:13.067804+00,2026-02-06 15:17:13.067804+00
254,1,253,2026-02-06 15:17:13.067804+00,2026-02-06 15:17:13.067804+00
255,1,254,2026-02-06 15:17:13.067804+00,2026-02-06 15:17:13.067804+00
256,1,255,2026-02-06 15:17:13.067804+00,2026-02-06 15:17:13.067804+00
257,1,256,2026-02-06 15:17:13.067804+00,2026-02-06 15:17:13.067804+00
258,1,257,2026-02-06 15:17:13.067804+00,2026-02-06 15:17:13.067804+00
259,1,258,2026-02-06 15:17:13.067804+00,2026-02-06 15:17:13.067804+00
260,1,259,2026-02-06 15:17:13.067804+00,2026-02-06 15:17:13.067804+00
261,1,260,2026-02-06 15:17:13.067804+00,2026-02-06 15:17:13.067804+00
262,1,261,2026-02-06 15:17:13.067804+00,2026-02-06 15:17:13.067804+00
263,1,262,2026-02-06 15:17:13.067804+00,2026-02-06 15:17:13.067804+00
264,1,263,2026-02-06 15:17:13.067804+00,2026-02-06 15:17:13.067804+00
265,1,264,2026-02-06 15:17:13.067804+00,2026-02-06 15:17:13.067804+00
266,1,265,2026-02-06 15:17:13.067804+00,2026-02-06 15:17:13.067804+00
267,1,266,2026-02-06 15:17:13.067804+00,2026-02-06 15:17:13.067804+00
268,1,267,2026-02-06 15:17:13.067804+00,2026-02-06 15:17:13.067804+00
269,1,268,2026-02-06 15:17:13.067804+00,2026-02-06 15:17:13.067804+00
270,1,269,2026-02-06 15:17:13.067804+00,2026-02-06 15:17:13.067804+00
271,1,270,2026-02-06 15:17:13.067804+00,2026-02-06 15:17:13.067804+00
272,1,271,2026-02-06 15:17:13.067804+00,2026-02-06 15:17:13.067804+00
273,1,272,2026-02-06 15:17:13.067804+00,2026-02-06 15:17:13.067804+00
274,1,273,2026-02-06 15:17:13.067804+00,2026-02-06 15:17:13.067804+00
275,1,274,2026-02-06 15:17:13.067804+00,2026-02-06 15:17:13.067804+00
276,1,275,2026-02-06 15:17:13.067804+00,2026-02-06 15:17:13.067804+00
277,1,276,2026-02-06 15:17:13.067804+00,2026-02-06 15:17:13.067804+00
278,1,277,2026-02-06 15:17:13.067804+00,2026-02-06 15:17:13.067804+00
279,1,278,2026-02-06 15:17:13.067804+00,2026-02-06 15:17:13.067804+00
280,1,279,2026-02-06 15:17:13.067804+00,2026-02-06 15:17:13.067804+00
281,1,280,2026-02-06 15:17:13.067804+00,2026-02-06 15:17:13.067804+00
282,1,281,2026-02-06 15:17:13.067804+00,2026-02-06 15:17:13.067804+00
283,1,282,2026-02-06 15:17:13.067804+00,2026-02-06 15:17:13.067804+00
284,1,283,2026-02-06 15:17:13.067804+00,2026-02-06 15:17:13.067804+00
285,1,284,2026-02-06 15:17:13.067804+00,2026-02-06 15:17:13.067804+00
286,1,285,2026-02-06 15:17:13.067804+00,2026-02-06 15:17:13.067804+00
287,1,286,2026-02-06 15:17:13.067804+00,2026-02-06 15:17:13.067804+00
288,1,287,2026-02-06 15:17:13.067804+00,2026-02-06 15:17:13.067804+00
289,1,288,2026-02-06 15:17:13.067804+00,2026-02-06 15:17:13.067804+00
290,1,289,2026-02-06 15:17:13.067804+00,2026-02-06 15:17:13.067804+00
291,1,290,2026-02-06 15:17:13.067804+00,2026-02-06 15:17:13.067804+00
292,1,291,2026-02-06 15:17:13.067804+00,2026-02-06 15:17:13.067804+00
293,1,292,2026-02-06 15:17:13.067804+00,2026-02-06 15:17:13.067804+00
294,1,293,2026-02-06 15:17:13.067804+00,2026-02-06 15:17:13.067804+00
295,1,294,2026-02-06 15:17:13.067804+00,2026-02-06 15:17:13.067804+00
296,1,295,2026-02-06 15:17:13.067804+00,2026-02-06 15:17:13.067804+00
297,1,296,2026-02-06 15:17:13.067804+00,2026-02-06 15:17:13.067804+00
298,1,297,2026-02-06 15:17:13.067804+00,2026-02-06 15:17:13.067804+00
299,1,298,2026-02-06 15:17:13.067804+00,2026-02-06 15:17:13.067804+00
300,1,299,2026-02-06 15:17:13.067804+00,2026-02-06 15:17:13.067804+00
301,1,300,2026-02-06 15:17:13.067804+00,2026-02-06 15:17:13.067804+00
302,1,301,2026-02-06 15:17:13.067804+00,2026-02-06 15:17:13.067804+00
303,1,302,2026-02-06 15:17:13.067804+00,2026-02-06 15:17:13.067804+00
304,1,303,2026-02-06 15:17:13.067804+00,2026-02-06 15:17:13.067804+00
305,1,304,2026-02-06 15:17:13.067804+00,2026-02-06 15:17:13.067804+00
306,1,305,2026-02-06 15:17:13.067804+00,2026-02-06 15:17:13.067804+00
307,1,306,2026-02-06 15:17:13.067804+00,2026-02-06 15:17:13.067804+00
308,1,307,2026-02-06 15:17:13.067804+00,2026-02-06 15:17:13.067804+00
309,1,308,2026-02-06 15:17:13.067804+00,2026-02-06 15:17:13.067804+00
310,1,309,2026-02-06 15:17:13.067804+00,2026-02-06 15:17:13.067804+00
311,1,310,2026-02-06 15:17:13.067804+00,2026-02-06 15:17:13.067804+00
312,1,311,2026-02-06 15:17:13.067804+00,2026-02-06 15:17:13.067804+00
313,1,312,2026-02-06 15:17:13.067804+00,2026-02-06 15:17:13.067804+00
314,1,313,2026-02-06 15:17:13.067804+00,2026-02-06 15:17:13.067804+00
315,1,314,2026-02-06 15:17:13.067804+00,2026-02-06 15:17:13.067804+00
316,1,315,2026-02-06 15:17:13.067804+00,2026-02-06 15:17:13.067804+00
317,1,316,2026-02-06 15:17:13.067804+00,2026-02-06 15:17:13.067804+00
318,1,317,2026-02-06 15:17:13.067804+00,2026-02-06 15:17:13.067804+00
319,1,318,2026-02-06 15:17:13.067804+00,2026-02-06 15:17:13.067804+00
320,1,319,2026-02-06 15:17:13.067804+00,2026-02-06 15:17:13.067804+00
321,1,320,2026-02-06 15:17:13.067804+00,2026-02-06 15:17:13.067804+00
322,1,321,2026-02-06 15:17:13.067804+00,2026-02-06 15:17:13.067804+00
323,1,322,2026-02-06 15:17:13.067804+00,2026-02-06 15:17:13.067804+00
324,1,323,2026-02-06 15:17:13.067804+00,2026-02-06 15:17:13.067804+00
325,1,324,2026-02-06 15:17:13.067804+00,2026-02-06 15:17:13.067804+00
326,1,325,2026-02-06 15:17:13.067804+00,2026-02-06 15:17:13.067804+00
327,1,326,2026-02-06 15:17:13.067804+00,2026-02-06 15:17:13.067804+00
328,1,327,2026-02-06 15:17:13.067804+00,2026-02-06 15:17:13.067804+00
329,1,328,2026-02-06 15:17:13.067804+00,2026-02-06 15:17:13.067804+00
330,1,329,2026-02-06 15:17:13.067804+00,2026-02-06 15:17:13.067804+00
331,1,330,2026-02-06 15:17:13.067804+00,2026-02-06 15:17:13.067804+00
332,1,331,2026-02-06 15:17:13.067804+00,2026-02-06 15:17:13.067804+00
333,1,332,2026-02-06 15:17:13.067804+00,2026-02-06 15:17:13.067804+00
334,1,333,2026-02-06 15:17:13.067804+00,2026-02-06 15:17:13.067804+00
335,1,334,2026-02-06 15:17:13.067804+00,2026-02-06 15:17:13.067804+00
336,1,335,2026-02-06 15:17:13.067804+00,2026-02-06 15:17:13.067804+00
337,1,336,2026-02-06 15:17:13.067804+00,2026-02-06 15:17:13.067804+00
338,1,337,2026-02-06 15:17:13.067804+00,2026-02-06 15:17:13.067804+00
339,1,338,2026-02-06 15:17:13.067804+00,2026-02-06 15:17:13.067804+00
340,1,339,2026-02-06 15:17:13.067804+00,2026-02-06 15:17:13.067804+00
341,1,340,2026-02-06 15:17:13.067804+00,2026-02-06 15:17:13.067804+00
342,1,341,2026-02-06 15:17:13.067804+00,2026-02-06 15:17:13.067804+00
343,1,342,2026-02-06 15:17:13.067804+00,2026-02-06 15:17:13.067804+00
344,1,343,2026-02-06 15:17:13.067804+00,2026-02-06 15:17:13.067804+00
345,1,344,2026-02-06 15:17:13.067804+00,2026-02-06 15:17:13.067804+00
346,1,345,2026-02-06 15:17:13.067804+00,2026-02-06 15:17:13.067804+00
347,1,346,2026-02-06 15:17:13.067804+00,2026-02-06 15:17:13.067804+00
348,1,347,2026-02-06 15:17:13.067804+00,2026-02-06 15:17:13.067804+00
349,1,348,2026-02-06 15:17:13.067804+00,2026-02-06 15:17:13.067804+00
350,1,349,2026-02-06 15:17:13.067804+00,2026-02-06 15:17:13.067804+00
351,1,350,2026-02-06 15:17:13.067804+00,2026-02-06 15:17:13.067804+00
352,1,351,2026-02-06 15:17:13.067804+00,2026-02-06 15:17:13.067804+00
353,1,352,2026-02-06 15:17:13.067804+00,2026-02-06 15:17:13.067804+00
354,1,353,2026-02-06 15:17:13.067804+00,2026-02-06 15:17:13.067804+00
355,1,354,2026-02-06 15:17:13.067804+00,2026-02-06 15:17:13.067804+00
356,1,355,2026-02-06 15:17:13.067804+00,2026-02-06 15:17:13.067804+00
357,1,356,2026-02-06 15:17:13.067804+00,2026-02-06 15:17:13.067804+00
358,1,357,2026-02-06 15:17:13.067804+00,2026-02-06 15:17:13.067804+00
359,1,358,2026-02-06 15:17:13.067804+00,2026-02-06 15:17:13.067804+00
360,1,359,2026-02-06 15:17:13.067804+00,2026-02-06 15:17:13.067804+00
361,1,360,2026-02-06 15:17:13.067804+00,2026-02-06 15:17:13.067804+00
362,1,361,2026-02-06 15:17:13.067804+00,2026-02-06 15:17:13.067804+00
363,1,362,2026-02-06 15:17:13.067804+00,2026-02-06 15:17:13.067804+00
364,1,363,2026-02-06 15:17:13.067804+00,2026-02-06 15:17:13.067804+00
365,1,364,2026-02-06 15:17:13.067804+00,2026-02-06 15:17:13.067804+00
366,1,365,2026-02-06 15:17:13.067804+00,2026-02-06 15:17:13.067804+00
367,1,366,2026-02-06 15:17:13.067804+00,2026-02-06 15:17:13.067804+00
368,1,367,2026-02-06 15:17:13.067804+00,2026-02-06 15:17:13.067804+00
369,1,368,2026-02-06 15:17:13.067804+00,2026-02-06 15:17:13.067804+00
370,1,369,2026-02-06 15:17:13.067804+00,2026-02-06 15:17:13.067804+00
371,1,370,2026-02-06 15:17:13.067804+00,2026-02-06 15:17:13.067804+00
372,1,371,2026-02-06 15:17:13.067804+00,2026-02-06 15:17:13.067804+00
373,1,372,2026-02-06 15:17:13.067804+00,2026-02-06 15:17:13.067804+00
374,1,373,2026-02-06 15:17:13.067804+00,2026-02-06 15:17:13.067804+00
375,1,374,2026-02-06 15:17:13.067804+00,2026-02-06 15:17:13.067804+00
376,1,375,2026-02-06 15:17:13.067804+00,2026-02-06 15:17:13.067804+00
377,1,376,2026-02-06 15:17:13.067804+00,2026-02-06 15:17:13.067804+00
378,1,377,2026-02-06 15:17:13.067804+00,2026-02-06 15:17:13.067804+00
379,1,378,2026-02-06 15:17:13.067804+00,2026-02-06 15:17:13.067804+00
380,1,379,2026-02-06 15:17:13.067804+00,2026-02-06 15:17:13.067804+00
381,1,380,2026-02-06 15:17:13.067804+00,2026-02-06 15:17:13.067804+00
382,1,381,2026-02-06 15:17:13.067804+00,2026-02-06 15:17:13.067804+00
383,1,382,2026-02-06 15:17:13.067804+00,2026-02-06 15:17:13.067804+00
384,1,383,2026-02-06 15:17:13.067804+00,2026-02-06 15:17:13.067804+00
385,1,384,2026-02-06 15:17:13.067804+00,2026-02-06 15:17:13.067804+00
386,1,385,2026-02-06 15:17:13.067804+00,2026-02-06 15:17:13.067804+00
387,1,386,2026-02-06 15:17:13.067804+00,2026-02-06 15:17:13.067804+00
388,1,387,2026-02-06 15:17:13.067804+00,2026-02-06 15:17:13.067804+00
389,1,388,2026-02-06 15:17:13.067804+00,2026-02-06 15:17:13.067804+00
390,1,389,2026-02-06 15:17:13.067804+00,2026-02-06 15:17:13.067804+00
391,1,390,2026-02-06 15:17:13.067804+00,2026-02-06 15:17:13.067804+00
392,1,391,2026-02-06 15:17:13.067804+00,2026-02-06 15:17:13.067804+00
393,1,392,2026-02-06 15:17:13.067804+00,2026-02-06 15:17:13.067804+00
394,1,393,2026-02-06 15:17:13.067804+00,2026-02-06 15:17:13.067804+00
395,1,394,2026-02-06 15:17:13.067804+00,2026-02-06 15:17:13.067804+00
396,1,395,2026-02-06 15:17:13.067804+00,2026-02-06 15:17:13.067804+00
397,1,396,2026-02-06 15:17:13.067804+00,2026-02-06 15:17:13.067804+00
398,1,397,2026-02-06 15:17:13.067804+00,2026-02-06 15:17:13.067804+00
399,1,398,2026-02-06 15:17:13.067804+00,2026-02-06 15:17:13.067804+00
400,1,399,2026-02-06 15:17:13.067804+00,2026-02-06 15:17:13.067804+00
401,1,400,2026-02-06 15:17:13.067804+00,2026-02-06 15:17:13.067804+00
402,1,401,2026-02-06 15:17:13.067804+00,2026-02-06 15:17:13.067804+00
403,1,402,2026-02-06 15:17:13.067804+00,2026-02-06 15:17:13.067804+00
404,1,403,2026-02-06 15:17:13.067804+00,2026-02-06 15:17:13.067804+00
405,1,404,2026-02-06 15:17:13.067804+00,2026-02-06 15:17:13.067804+00
406,1,405,2026-02-06 15:17:13.067804+00,2026-02-06 15:17:13.067804+00
407,1,406,2026-02-06 15:17:13.067804+00,2026-02-06 15:17:13.067804+00
408,1,407,2026-02-06 15:17:13.067804+00,2026-02-06 15:17:13.067804+00
409,1,408,2026-02-06 15:17:13.067804+00,2026-02-06 15:17:13.067804+00
410,1,409,2026-02-06 15:17:13.067804+00,2026-02-06 15:17:13.067804+00
411,1,410,2026-02-06 15:17:13.067804+00,2026-02-06 15:17:13.067804+00
412,1,411,2026-02-06 15:17:13.067804+00,2026-02-06 15:17:13.067804+00
413,1,412,2026-02-06 15:17:13.067804+00,2026-02-06 15:17:13.067804+00
414,1,413,2026-02-06 15:17:13.067804+00,2026-02-06 15:17:13.067804+00
415,1,414,2026-02-06 15:17:13.067804+00,2026-02-06 15:17:13.067804+00
416,1,415,2026-02-06 15:17:13.067804+00,2026-02-06 15:17:13.067804+00
417,1,416,2026-02-06 15:17:13.067804+00,2026-02-06 15:17:13.067804+00
418,1,417,2026-02-06 15:17:13.067804+00,2026-02-06 15:17:13.067804+00
419,1,418,2026-02-06 15:17:13.067804+00,2026-02-06 15:17:13.067804+00
420,1,419,2026-02-06 15:17:13.067804+00,2026-02-06 15:17:13.067804+00
421,1,420,2026-02-06 15:17:13.067804+00,2026-02-06 15:17:13.067804+00
422,1,421,2026-02-06 15:17:13.067804+00,2026-02-06 15:17:13.067804+00
423,1,422,2026-02-06 15:17:13.067804+00,2026-02-06 15:17:13.067804+00
424,1,423,2026-02-06 15:17:13.067804+00,2026-02-06 15:17:13.067804+00
425,1,424,2026-02-06 15:17:13.067804+00,2026-02-06 15:17:13.067804+00
426,1,425,2026-02-06 15:17:13.067804+00,2026-02-06 15:17:13.067804+00
427,1,426,2026-02-06 15:17:13.067804+00,2026-02-06 15:17:13.067804+00
428,1,427,2026-02-06 15:17:13.067804+00,2026-02-06 15:17:13.067804+00
429,1,428,2026-02-06 15:17:13.067804+00,2026-02-06 15:17:13.067804+00
430,1,429,2026-02-06 15:17:13.067804+00,2026-02-06 15:17:13.067804+00
431,1,430,2026-02-06 15:17:13.067804+00,2026-02-06 15:17:13.067804+00
432,1,431,2026-02-06 15:17:13.067804+00,2026-02-06 15:17:13.067804+00
433,1,432,2026-02-06 15:17:13.067804+00,2026-02-06 15:17:13.067804+00
434,1,433,2026-02-06 15:17:13.067804+00,2026-02-06 15:17:13.067804+00
435,1,434,2026-02-06 15:17:13.067804+00,2026-02-06 15:17:13.067804+00
436,1,435,2026-02-06 15:17:13.067804+00,2026-02-06 15:17:13.067804+00
437,1,436,2026-02-06 15:17:13.067804+00,2026-02-06 15:17:13.067804+00
438,1,437,2026-02-06 15:17:13.067804+00,2026-02-06 15:17:13.067804+00
439,1,438,2026-02-06 15:17:13.067804+00,2026-02-06 15:17:13.067804+00
440,1,439,2026-02-06 15:17:13.067804+00,2026-02-06 15:17:13.067804+00
441,1,440,2026-02-06 15:17:13.067804+00,2026-02-06 15:17:13.067804+00
442,1,441,2026-02-06 15:17:13.067804+00,2026-02-06 15:17:13.067804+00
443,1,442,2026-02-06 15:17:13.067804+00,2026-02-06 15:17:13.067804+00
444,1,443,2026-02-06 15:17:13.067804+00,2026-02-06 15:17:13.067804+00
445,1,444,2026-02-06 15:17:13.067804+00,2026-02-06 15:17:13.067804+00
446,1,445,2026-02-06 15:17:13.067804+00,2026-02-06 15:17:13.067804+00
447,1,446,2026-02-06 15:17:13.067804+00,2026-02-06 15:17:13.067804+00
448,1,447,2026-02-06 15:17:13.067804+00,2026-02-06 15:17:13.067804+00
449,1,448,2026-02-06 15:17:13.067804+00,2026-02-06 15:17:13.067804+00
450,1,449,2026-02-06 15:17:13.067804+00,2026-02-06 15:17:13.067804+00
451,1,450,2026-02-06 15:17:13.067804+00,2026-02-06 15:17:13.067804+00
452,1,451,2026-02-06 15:17:13.067804+00,2026-02-06 15:17:13.067804+00
453,1,452,2026-02-06 15:17:13.067804+00,2026-02-06 15:17:13.067804+00
454,1,453,2026-02-06 15:17:13.067804+00,2026-02-06 15:17:13.067804+00
455,1,454,2026-02-06 15:17:13.067804+00,2026-02-06 15:17:13.067804+00
456,1,455,2026-02-06 15:17:13.067804+00,2026-02-06 15:17:13.067804+00
457,1,456,2026-02-06 15:17:13.067804+00,2026-02-06 15:17:13.067804+00
458,1,457,2026-02-06 15:17:13.067804+00,2026-02-06 15:17:13.067804+00
459,1,458,2026-02-06 15:17:13.067804+00,2026-02-06 15:17:13.067804+00
460,1,459,2026-02-06 15:17:13.067804+00,2026-02-06 15:17:13.067804+00
461,1,460,2026-02-06 15:17:13.067804+00,2026-02-06 15:17:13.067804+00
462,1,461,2026-02-06 15:17:13.067804+00,2026-02-06 15:17:13.067804+00
463,1,462,2026-02-06 15:17:13.067804+00,2026-02-06 15:17:13.067804+00
464,1,463,2026-02-06 15:17:13.067804+00,2026-02-06 15:17:13.067804+00
465,1,464,2026-02-06 15:17:13.067804+00,2026-02-06 15:17:13.067804+00
466,1,465,2026-02-06 15:17:13.067804+00,2026-02-06 15:17:13.067804+00
467,1,466,2026-02-06 15:17:13.067804+00,2026-02-06 15:17:13.067804+00
468,1,467,2026-02-06 15:17:13.067804+00,2026-02-06 15:17:13.067804+00
469,1,468,2026-02-06 15:17:13.067804+00,2026-02-06 15:17:13.067804+00
470,1,469,2026-02-06 15:17:13.067804+00,2026-02-06 15:17:13.067804+00
471,1,470,2026-02-06 15:17:13.067804+00,2026-02-06 15:17:13.067804+00
472,1,471,2026-02-06 15:17:13.067804+00,2026-02-06 15:17:13.067804+00
473,1,472,2026-02-06 15:17:13.067804+00,2026-02-06 15:17:13.067804+00
474,1,473,2026-02-06 15:17:13.067804+00,2026-02-06 15:17:13.067804+00
475,1,474,2026-02-06 15:17:13.067804+00,2026-02-06 15:17:13.067804+00
476,1,475,2026-02-06 15:17:13.067804+00,2026-02-06 15:17:13.067804+00
477,1,476,2026-02-06 15:17:13.067804+00,2026-02-06 15:17:13.067804+00
478,1,477,2026-02-06 15:17:13.067804+00,2026-02-06 15:17:13.067804+00
479,1,478,2026-02-06 15:17:13.067804+00,2026-02-06 15:17:13.067804+00
480,1,479,2026-02-06 15:17:13.067804+00,2026-02-06 15:17:13.067804+00
481,1,480,2026-02-06 15:17:13.067804+00,2026-02-06 15:17:13.067804+00
482,1,481,2026-02-06 15:17:13.067804+00,2026-02-06 15:17:13.067804+00
483,1,482,2026-02-06 15:17:13.067804+00,2026-02-06 15:17:13.067804+00
484,1,483,2026-02-06 15:17:13.067804+00,2026-02-06 15:17:13.067804+00
485,1,484,2026-02-06 15:17:13.067804+00,2026-02-06 15:17:13.067804+00
486,1,485,2026-02-06 15:17:13.067804+00,2026-02-06 15:17:13.067804+00
487,1,486,2026-02-06 15:17:13.067804+00,2026-02-06 15:17:13.067804+00
488,1,487,2026-02-06 15:17:13.067804+00,2026-02-06 15:17:13.067804+00
489,1,488,2026-02-06 15:17:13.067804+00,2026-02-06 15:17:13.067804+00
490,1,489,2026-02-06 15:17:13.067804+00,2026-02-06 15:17:13.067804+00
491,1,490,2026-02-06 15:17:13.067804+00,2026-02-06 15:17:13.067804+00
492,1,491,2026-02-06 15:17:13.067804+00,2026-02-06 15:17:13.067804+00
493,1,492,2026-02-06 15:17:13.067804+00,2026-02-06 15:17:13.067804+00
494,1,493,2026-02-06 15:17:13.067804+00,2026-02-06 15:17:13.067804+00
495,1,494,2026-02-06 15:17:13.067804+00,2026-02-06 15:17:13.067804+00
496,1,495,2026-02-06 15:17:13.067804+00,2026-02-06 15:17:13.067804+00
497,1,496,2026-02-06 15:17:13.067804+00,2026-02-06 15:17:13.067804+00
498,1,497,2026-02-06 15:17:13.067804+00,2026-02-06 15:17:13.067804+00
499,1,498,2026-02-06 15:17:13.067804+00,2026-02-06 15:17:13.067804+00
500,1,499,2026-02-06 15:17:13.067804+00,2026-02-06 15:17:13.067804+00
501,1,500,2026-02-06 15:17:13.067804+00,2026-02-06 15:17:13.067804+00
502,1,501,2026-02-06 15:17:13.067804+00,2026-02-06 15:17:13.067804+00
503,1,502,2026-02-06 15:17:13.067804+00,2026-02-06 15:17:13.067804+00
504,1,503,2026-02-06 15:17:13.067804+00,2026-02-06 15:17:13.067804+00
505,1,504,2026-02-06 15:17:13.067804+00,2026-02-06 15:17:13.067804+00
506,1,505,2026-02-06 15:17:13.067804+00,2026-02-06 15:17:13.067804+00
507,1,506,2026-02-06 15:17:13.067804+00,2026-02-06 15:17:13.067804+00
508,1,507,2026-02-06 15:17:13.067804+00,2026-02-06 15:17:13.067804+00
509,1,508,2026-02-06 15:17:13.067804+00,2026-02-06 15:17:13.067804+00
510,1,509,2026-02-06 15:17:13.067804+00,2026-02-06 15:17:13.067804+00
511,1,510,2026-02-06 15:17:13.067804+00,2026-02-06 15:17:13.067804+00
512,1,511,2026-02-06 15:17:13.067804+00,2026-02-06 15:17:13.067804+00
513,1,512,2026-02-06 15:17:13.067804+00,2026-02-06 15:17:13.067804+00
514,1,513,2026-02-06 15:17:13.067804+00,2026-02-06 15:17:13.067804+00
515,1,514,2026-02-06 15:17:13.067804+00,2026-02-06 15:17:13.067804+00
516,1,515,2026-02-06 15:17:13.067804+00,2026-02-06 15:17:13.067804+00
517,1,516,2026-02-06 15:17:13.067804+00,2026-02-06 15:17:13.067804+00
518,1,517,2026-02-06 15:17:13.067804+00,2026-02-06 15:17:13.067804+00
519,1,518,2026-02-06 15:17:13.067804+00,2026-02-06 15:17:13.067804+00
520,1,519,2026-02-06 15:17:13.067804+00,2026-02-06 15:17:13.067804+00
521,1,520,2026-02-06 15:17:13.067804+00,2026-02-06 15:17:13.067804+00
522,1,521,2026-02-06 15:17:13.067804+00,2026-02-06 15:17:13.067804+00
523,1,522,2026-02-06 15:17:13.067804+00,2026-02-06 15:17:13.067804+00
524,1,523,2026-02-06 15:17:13.067804+00,2026-02-06 15:17:13.067804+00
525,1,524,2026-02-06 15:17:13.067804+00,2026-02-06 15:17:13.067804+00
526,1,525,2026-02-06 15:17:13.067804+00,2026-02-06 15:17:13.067804+00
527,1,526,2026-02-06 15:17:13.067804+00,2026-02-06 15:17:13.067804+00
528,1,527,2026-02-06 15:17:13.067804+00,2026-02-06 15:17:13.067804+00
529,1,528,2026-02-06 15:17:13.067804+00,2026-02-06 15:17:13.067804+00
530,1,529,2026-02-06 15:17:13.067804+00,2026-02-06 15:17:13.067804+00
531,1,530,2026-02-06 15:17:13.067804+00,2026-02-06 15:17:13.067804+00
532,1,531,2026-02-06 15:17:13.067804+00,2026-02-06 15:17:13.067804+00
533,1,532,2026-02-06 15:17:13.067804+00,2026-02-06 15:17:13.067804+00
534,1,533,2026-02-06 15:17:13.067804+00,2026-02-06 15:17:13.067804+00
535,1,534,2026-02-06 15:17:13.067804+00,2026-02-06 15:17:13.067804+00
536,1,535,2026-02-06 15:17:13.067804+00,2026-02-06 15:17:13.067804+00
537,1,536,2026-02-06 15:17:13.067804+00,2026-02-06 15:17:13.067804+00
538,1,537,2026-02-06 15:17:13.067804+00,2026-02-06 15:17:13.067804+00
539,1,538,2026-02-06 15:17:13.067804+00,2026-02-06 15:17:13.067804+00
540,1,539,2026-02-06 15:17:13.067804+00,2026-02-06 15:17:13.067804+00
541,1,540,2026-02-06 15:17:13.067804+00,2026-02-06 15:17:13.067804+00
542,1,541,2026-02-06 15:17:13.067804+00,2026-02-06 15:17:13.067804+00
543,1,542,2026-02-06 15:17:13.067804+00,2026-02-06 15:17:13.067804+00
544,1,543,2026-02-06 15:17:13.067804+00,2026-02-06 15:17:13.067804+00
545,1,544,2026-02-06 15:17:13.067804+00,2026-02-06 15:17:13.067804+00
546,1,545,2026-02-06 15:17:13.067804+00,2026-02-06 15:17:13.067804+00
547,1,546,2026-02-06 15:17:13.067804+00,2026-02-06 15:17:13.067804+00
548,1,547,2026-02-06 15:17:13.067804+00,2026-02-06 15:17:13.067804+00
549,1,548,2026-02-06 15:17:13.067804+00,2026-02-06 15:17:13.067804+00
550,1,549,2026-02-06 15:17:13.067804+00,2026-02-06 15:17:13.067804+00
551,1,550,2026-02-06 15:17:13.067804+00,2026-02-06 15:17:13.067804+00
552,1,551,2026-02-06 15:17:13.067804+00,2026-02-06 15:17:13.067804+00
553,1,552,2026-02-06 15:17:13.067804+00,2026-02-06 15:17:13.067804+00
554,1,553,2026-02-06 15:17:13.067804+00,2026-02-06 15:17:13.067804+00
555,1,554,2026-02-06 15:17:13.067804+00,2026-02-06 15:17:13.067804+00
556,1,555,2026-02-06 15:17:13.067804+00,2026-02-06 15:17:13.067804+00
557,1,556,2026-02-06 15:17:13.067804+00,2026-02-06 15:17:13.067804+00
558,1,557,2026-02-06 15:17:13.067804+00,2026-02-06 15:17:13.067804+00
559,1,558,2026-02-06 15:17:13.067804+00,2026-02-06 15:17:13.067804+00
560,1,559,2026-02-06 15:17:13.067804+00,2026-02-06 15:17:13.067804+00
561,1,560,2026-02-06 15:17:13.067804+00,2026-02-06 15:17:13.067804+00
562,1,561,2026-02-06 15:17:13.067804+00,2026-02-06 15:17:13.067804+00
563,1,562,2026-02-06 15:17:13.067804+00,2026-02-06 15:17:13.067804+00
564,1,563,2026-02-06 15:17:13.067804+00,2026-02-06 15:17:13.067804+00
565,1,564,2026-02-06 15:17:13.067804+00,2026-02-06 15:17:13.067804+00
566,1,565,2026-02-06 15:17:13.067804+00,2026-02-06 15:17:13.067804+00
567,1,566,2026-02-06 15:17:13.067804+00,2026-02-06 15:17:13.067804+00
568,1,567,2026-02-06 15:17:13.067804+00,2026-02-06 15:17:13.067804+00
569,1,568,2026-02-06 15:17:13.067804+00,2026-02-06 15:17:13.067804+00
570,1,569,2026-02-06 15:17:13.067804+00,2026-02-06 15:17:13.067804+00
571,1,570,2026-02-06 15:17:13.067804+00,2026-02-06 15:17:13.067804+00
572,1,571,2026-02-06 15:17:13.067804+00,2026-02-06 15:17:13.067804+00
573,1,572,2026-02-06 15:17:13.067804+00,2026-02-06 15:17:13.067804+00
574,1,573,2026-02-06 15:17:13.067804+00,2026-02-06 15:17:13.067804+00
575,1,574,2026-02-06 15:17:13.067804+00,2026-02-06 15:17:13.067804+00
576,1,575,2026-02-06 15:17:13.067804+00,2026-02-06 15:17:13.067804+00
577,1,576,2026-02-06 15:17:13.067804+00,2026-02-06 15:17:13.067804+00
578,1,577,2026-02-06 15:17:13.067804+00,2026-02-06 15:17:13.067804+00
579,1,578,2026-02-06 15:17:13.067804+00,2026-02-06 15:17:13.067804+00
580,1,579,2026-02-06 15:17:13.067804+00,2026-02-06 15:17:13.067804+00
581,1,580,2026-02-06 15:17:13.067804+00,2026-02-06 15:17:13.067804+00
582,1,581,2026-02-06 15:17:13.067804+00,2026-02-06 15:17:13.067804+00
583,1,582,2026-02-06 15:17:13.067804+00,2026-02-06 15:17:13.067804+00
584,1,583,2026-02-06 15:17:13.067804+00,2026-02-06 15:17:13.067804+00
585,1,584,2026-02-06 15:17:13.067804+00,2026-02-06 15:17:13.067804+00
586,1,585,2026-02-06 15:17:13.067804+00,2026-02-06 15:17:13.067804+00
587,1,586,2026-02-06 15:17:13.067804+00,2026-02-06 15:17:13.067804+00
588,1,587,2026-02-06 15:17:13.067804+00,2026-02-06 15:17:13.067804+00
589,1,588,2026-02-06 15:17:13.067804+00,2026-02-06 15:17:13.067804+00
590,1,589,2026-02-06 15:17:13.067804+00,2026-02-06 15:17:13.067804+00
591,1,590,2026-02-06 15:17:13.067804+00,2026-02-06 15:17:13.067804+00
592,1,591,2026-02-06 15:17:13.067804+00,2026-02-06 15:17:13.067804+00
593,1,592,2026-02-06 15:17:13.067804+00,2026-02-06 15:17:13.067804+00
594,1,593,2026-02-06 15:17:13.067804+00,2026-02-06 15:17:13.067804+00
595,1,594,2026-02-06 15:17:13.067804+00,2026-02-06 15:17:13.067804+00
596,1,595,2026-02-06 15:17:13.067804+00,2026-02-06 15:17:13.067804+00
597,1,596,2026-02-06 15:17:13.067804+00,2026-02-06 15:17:13.067804+00
598,1,597,2026-02-06 15:17:13.067804+00,2026-02-06 15:17:13.067804+00
599,1,598,2026-02-06 15:17:13.067804+00,2026-02-06 15:17:13.067804+00
600,1,599,2026-02-06 15:17:13.067804+00,2026-02-06 15:17:13.067804+00
601,1,600,2026-02-06 15:17:13.067804+00,2026-02-06 15:17:13.067804+00
602,1,601,2026-02-06 15:17:13.067804+00,2026-02-06 15:17:13.067804+00
603,1,602,2026-02-06 15:17:13.067804+00,2026-02-06 15:17:13.067804+00
604,1,603,2026-02-06 15:17:13.067804+00,2026-02-06 15:17:13.067804+00
605,1,604,2026-02-06 15:17:13.067804+00,2026-02-06 15:17:13.067804+00
606,1,605,2026-02-06 15:17:13.067804+00,2026-02-06 15:17:13.067804+00
607,1,606,2026-02-06 15:17:13.067804+00,2026-02-06 15:17:13.067804+00
608,1,607,2026-02-06 15:17:13.067804+00,2026-02-06 15:17:13.067804+00
609,1,608,2026-02-06 15:17:13.067804+00,2026-02-06 15:17:13.067804+00
610,1,609,2026-02-06 15:17:13.067804+00,2026-02-06 15:17:13.067804+00
611,1,610,2026-02-06 15:17:13.067804+00,2026-02-06 15:17:13.067804+00
612,1,611,2026-02-06 15:17:13.067804+00,2026-02-06 15:17:13.067804+00
613,1,612,2026-02-06 15:17:13.067804+00,2026-02-06 15:17:13.067804+00
614,1,613,2026-02-06 15:17:13.067804+00,2026-02-06 15:17:13.067804+00
615,1,614,2026-02-06 15:17:13.067804+00,2026-02-06 15:17:13.067804+00
616,1,615,2026-02-06 15:17:13.067804+00,2026-02-06 15:17:13.067804+00
617,1,616,2026-02-06 15:17:13.067804+00,2026-02-06 15:17:13.067804+00
618,1,617,2026-02-06 15:17:13.067804+00,2026-02-06 15:17:13.067804+00
619,1,618,2026-02-06 15:17:13.067804+00,2026-02-06 15:17:13.067804+00
620,1,619,2026-02-06 15:17:13.067804+00,2026-02-06 15:17:13.067804+00
621,1,620,2026-02-06 15:17:13.067804+00,2026-02-06 15:17:13.067804+00
622,1,621,2026-02-06 15:17:13.067804+00,2026-02-06 15:17:13.067804+00
623,1,622,2026-02-06 15:17:13.067804+00,2026-02-06 15:17:13.067804+00
624,1,623,2026-02-06 15:17:13.067804+00,2026-02-06 15:17:13.067804+00
625,1,624,2026-02-06 15:17:13.067804+00,2026-02-06 15:17:13.067804+00
626,1,625,2026-02-06 15:17:13.067804+00,2026-02-06 15:17:13.067804+00
627,1,626,2026-02-06 15:17:13.067804+00,2026-02-06 15:17:13.067804+00
628,1,627,2026-02-06 15:17:13.067804+00,2026-02-06 15:17:13.067804+00
629,1,628,2026-02-06 15:17:13.067804+00,2026-02-06 15:17:13.067804+00
630,1,629,2026-02-06 15:17:13.067804+00,2026-02-06 15:17:13.067804+00
631,1,630,2026-02-06 15:17:13.067804+00,2026-02-06 15:17:13.067804+00
632,1,631,2026-02-06 15:17:13.067804+00,2026-02-06 15:17:13.067804+00
633,1,632,2026-02-06 15:17:13.067804+00,2026-02-06 15:17:13.067804+00
634,1,633,2026-02-06 15:17:13.067804+00,2026-02-06 15:17:13.067804+00
635,1,634,2026-02-06 15:17:13.067804+00,2026-02-06 15:17:13.067804+00
636,1,635,2026-02-06 15:17:13.067804+00,2026-02-06 15:17:13.067804+00
637,1,636,2026-02-06 15:17:13.067804+00,2026-02-06 15:17:13.067804+00
638,1,637,2026-02-06 15:17:13.067804+00,2026-02-06 15:17:13.067804+00
639,1,638,2026-02-06 15:17:13.067804+00,2026-02-06 15:17:13.067804+00
640,1,639,2026-02-06 15:17:13.067804+00,2026-02-06 15:17:13.067804+00
641,1,640,2026-02-06 15:17:13.067804+00,2026-02-06 15:17:13.067804+00
642,1,641,2026-02-06 15:17:13.067804+00,2026-02-06 15:17:13.067804+00
643,1,642,2026-02-06 15:17:13.067804+00,2026-02-06 15:17:13.067804+00
644,1,643,2026-02-06 15:17:13.067804+00,2026-02-06 15:17:13.067804+00
645,1,644,2026-02-06 15:17:13.067804+00,2026-02-06 15:17:13.067804+00
646,1,645,2026-02-06 15:17:13.067804+00,2026-02-06 15:17:13.067804+00
647,1,646,2026-02-06 15:17:13.067804+00,2026-02-06 15:17:13.067804+00
648,1,647,2026-02-06 15:17:13.067804+00,2026-02-06 15:17:13.067804+00
649,1,648,2026-02-06 15:17:13.067804+00,2026-02-06 15:17:13.067804+00
650,1,649,2026-02-06 15:17:13.067804+00,2026-02-06 15:17:13.067804+00
651,1,650,2026-02-06 15:17:13.067804+00,2026-02-06 15:17:13.067804+00
652,1,651,2026-02-06 15:17:13.067804+00,2026-02-06 15:17:13.067804+00
653,1,652,2026-02-06 15:17:13.067804+00,2026-02-06 15:17:13.067804+00
654,1,653,2026-02-06 15:17:13.067804+00,2026-02-06 15:17:13.067804+00
655,1,654,2026-02-06 15:17:13.067804+00,2026-02-06 15:17:13.067804+00
656,1,655,2026-02-06 15:17:13.067804+00,2026-02-06 15:17:13.067804+00
657,1,656,2026-02-06 15:17:13.067804+00,2026-02-06 15:17:13.067804+00
658,1,657,2026-02-06 15:17:13.067804+00,2026-02-06 15:17:13.067804+00
659,1,658,2026-02-06 15:17:13.067804+00,2026-02-06 15:17:13.067804+00
660,1,659,2026-02-06 15:17:13.067804+00,2026-02-06 15:17:13.067804+00
661,1,660,2026-02-06 15:17:13.067804+00,2026-02-06 15:17:13.067804+00
662,1,661,2026-02-06 15:17:13.067804+00,2026-02-06 15:17:13.067804+00
663,1,662,2026-02-06 15:17:13.067804+00,2026-02-06 15:17:13.067804+00
664,1,663,2026-02-06 15:17:13.067804+00,2026-02-06 15:17:13.067804+00
665,1,664,2026-02-06 15:17:13.067804+00,2026-02-06 15:17:13.067804+00
666,1,665,2026-02-06 15:17:13.067804+00,2026-02-06 15:17:13.067804+00
667,1,666,2026-02-06 15:17:13.067804+00,2026-02-06 15:17:13.067804+00
668,1,667,2026-02-06 15:17:13.067804+00,2026-02-06 15:17:13.067804+00
669,1,668,2026-02-06 15:17:13.067804+00,2026-02-06 15:17:13.067804+00
670,1,669,2026-02-06 15:17:13.067804+00,2026-02-06 15:17:13.067804+00
671,1,670,2026-02-06 15:17:13.067804+00,2026-02-06 15:17:13.067804+00
672,1,671,2026-02-06 15:17:13.067804+00,2026-02-06 15:17:13.067804+00
673,1,672,2026-02-06 15:17:13.067804+00,2026-02-06 15:17:13.067804+00
674,1,673,2026-02-06 15:17:13.067804+00,2026-02-06 15:17:13.067804+00
675,1,674,2026-02-06 15:17:13.067804+00,2026-02-06 15:17:13.067804+00
676,1,675,2026-02-06 15:17:13.067804+00,2026-02-06 15:17:13.067804+00
677,1,676,2026-02-06 15:17:13.067804+00,2026-02-06 15:17:13.067804+00
678,1,677,2026-02-06 15:17:13.067804+00,2026-02-06 15:17:13.067804+00
679,1,678,2026-02-06 15:17:13.067804+00,2026-02-06 15:17:13.067804+00
680,1,679,2026-02-06 15:17:13.067804+00,2026-02-06 15:17:13.067804+00
681,1,680,2026-02-06 15:17:13.067804+00,2026-02-06 15:17:13.067804+00
682,1,681,2026-02-06 15:17:13.067804+00,2026-02-06 15:17:13.067804+00
683,1,682,2026-02-06 15:17:13.067804+00,2026-02-06 15:17:13.067804+00
684,1,683,2026-02-06 15:17:13.067804+00,2026-02-06 15:17:13.067804+00
685,1,684,2026-02-06 15:17:13.067804+00,2026-02-06 15:17:13.067804+00
686,1,685,2026-02-06 15:17:13.067804+00,2026-02-06 15:17:13.067804+00
687,1,686,2026-02-06 15:17:13.067804+00,2026-02-06 15:17:13.067804+00
688,1,687,2026-02-06 15:17:13.067804+00,2026-02-06 15:17:13.067804+00
689,1,688,2026-02-06 15:17:13.067804+00,2026-02-06 15:17:13.067804+00
690,1,689,2026-02-06 15:17:13.067804+00,2026-02-06 15:17:13.067804+00
691,1,690,2026-02-06 15:17:13.067804+00,2026-02-06 15:17:13.067804+00
692,1,691,2026-02-06 15:17:13.067804+00,2026-02-06 15:17:13.067804+00
693,1,692,2026-02-06 15:17:13.067804+00,2026-02-06 15:17:13.067804+00
694,1,693,2026-02-06 15:17:13.067804+00,2026-02-06 15:17:13.067804+00
695,1,694,2026-02-06 15:17:13.067804+00,2026-02-06 15:17:13.067804+00
696,1,695,2026-02-06 15:17:13.067804+00,2026-02-06 15:17:13.067804+00
697,1,696,2026-02-06 15:17:13.067804+00,2026-02-06 15:17:13.067804+00
698,1,697,2026-02-06 15:17:13.067804+00,2026-02-06 15:17:13.067804+00
699,1,698,2026-02-06 15:17:13.067804+00,2026-02-06 15:17:13.067804+00
700,1,699,2026-02-06 15:17:13.067804+00,2026-02-06 15:17:13.067804+00
701,1,700,2026-02-06 15:17:13.067804+00,2026-02-06 15:17:13.067804+00
702,1,701,2026-02-06 15:17:13.067804+00,2026-02-06 15:17:13.067804+00
703,1,702,2026-02-06 15:17:13.067804+00,2026-02-06 15:17:13.067804+00
704,1,703,2026-02-06 15:17:13.067804+00,2026-02-06 15:17:13.067804+00
705,1,704,2026-02-06 15:17:13.067804+00,2026-02-06 15:17:13.067804+00
706,1,705,2026-02-06 15:17:13.067804+00,2026-02-06 15:17:13.067804+00
707,1,706,2026-02-06 15:17:13.067804+00,2026-02-06 15:17:13.067804+00
708,1,707,2026-02-06 15:17:13.067804+00,2026-02-06 15:17:13.067804+00
709,1,708,2026-02-06 15:17:13.067804+00,2026-02-06 15:17:13.067804+00
710,1,709,2026-02-06 15:17:13.067804+00,2026-02-06 15:17:13.067804+00
711,1,710,2026-02-06 15:17:13.067804+00,2026-02-06 15:17:13.067804+00
712,1,711,2026-02-06 15:17:13.067804+00,2026-02-06 15:17:13.067804+00
713,1,712,2026-02-06 15:17:13.067804+00,2026-02-06 15:17:13.067804+00
714,1,713,2026-02-06 15:17:13.067804+00,2026-02-06 15:17:13.067804+00
715,1,714,2026-02-06 15:17:13.067804+00,2026-02-06 15:17:13.067804+00
716,1,715,2026-02-06 15:17:13.067804+00,2026-02-06 15:17:13.067804+00
717,1,716,2026-02-06 15:17:13.067804+00,2026-02-06 15:17:13.067804+00
718,1,717,2026-02-06 15:17:13.067804+00,2026-02-06 15:17:13.067804+00
719,1,718,2026-02-06 15:17:13.067804+00,2026-02-06 15:17:13.067804+00
720,1,719,2026-02-06 15:17:13.067804+00,2026-02-06 15:17:13.067804+00
721,1,720,2026-02-06 15:17:13.067804+00,2026-02-06 15:17:13.067804+00
722,1,721,2026-02-06 15:17:13.067804+00,2026-02-06 15:17:13.067804+00
723,1,722,2026-02-06 15:17:13.067804+00,2026-02-06 15:17:13.067804+00
724,1,723,2026-02-06 15:17:13.067804+00,2026-02-06 15:17:13.067804+00
725,1,724,2026-02-06 15:17:13.067804+00,2026-02-06 15:17:13.067804+00
726,1,725,2026-02-06 15:17:13.067804+00,2026-02-06 15:17:13.067804+00
727,1,726,2026-02-06 15:17:13.067804+00,2026-02-06 15:17:13.067804+00
728,1,727,2026-02-06 15:17:13.067804+00,2026-02-06 15:17:13.067804+00
729,1,728,2026-02-06 15:17:13.067804+00,2026-02-06 15:17:13.067804+00
730,1,729,2026-02-06 15:17:13.067804+00,2026-02-06 15:17:13.067804+00
731,1,730,2026-02-06 15:17:13.067804+00,2026-02-06 15:17:13.067804+00
732,1,731,2026-02-06 15:17:13.067804+00,2026-02-06 15:17:13.067804+00
733,1,732,2026-02-06 15:17:13.067804+00,2026-02-06 15:17:13.067804+00
734,1,733,2026-02-06 15:17:13.067804+00,2026-02-06 15:17:13.067804+00
735,1,734,2026-02-06 15:17:13.067804+00,2026-02-06 15:17:13.067804+00
736,1,735,2026-02-06 15:17:13.067804+00,2026-02-06 15:17:13.067804+00
737,1,736,2026-02-06 15:17:13.067804+00,2026-02-06 15:17:13.067804+00
738,1,737,2026-02-06 15:17:13.067804+00,2026-02-06 15:17:13.067804+00
739,1,738,2026-02-06 15:17:13.067804+00,2026-02-06 15:17:13.067804+00
740,1,739,2026-02-06 15:17:13.067804+00,2026-02-06 15:17:13.067804+00
741,1,740,2026-02-06 15:17:13.067804+00,2026-02-06 15:17:13.067804+00
742,1,741,2026-02-06 15:17:13.067804+00,2026-02-06 15:17:13.067804+00
743,1,742,2026-02-06 15:17:13.067804+00,2026-02-06 15:17:13.067804+00
744,1,743,2026-02-06 15:17:13.067804+00,2026-02-06 15:17:13.067804+00
745,1,744,2026-02-06 15:17:13.067804+00,2026-02-06 15:17:13.067804+00
746,1,745,2026-02-06 15:17:13.067804+00,2026-02-06 15:17:13.067804+00
747,1,746,2026-02-06 15:17:13.067804+00,2026-02-06 15:17:13.067804+00
748,1,747,2026-02-06 15:17:13.067804+00,2026-02-06 15:17:13.067804+00
749,1,748,2026-02-06 15:17:13.067804+00,2026-02-06 15:17:13.067804+00
750,1,749,2026-02-06 15:17:13.067804+00,2026-02-06 15:17:13.067804+00
751,1,750,2026-02-06 15:17:13.067804+00,2026-02-06 15:17:13.067804+00
752,1,751,2026-02-06 15:17:13.067804+00,2026-02-06 15:17:13.067804+00
753,1,752,2026-02-06 15:17:13.067804+00,2026-02-06 15:17:13.067804+00
754,1,753,2026-02-06 15:17:13.067804+00,2026-02-06 15:17:13.067804+00
755,1,754,2026-02-06 15:17:13.067804+00,2026-02-06 15:17:13.067804+00
756,1,755,2026-02-06 15:17:13.067804+00,2026-02-06 15:17:13.067804+00
757,1,756,2026-02-06 15:17:13.067804+00,2026-02-06 15:17:13.067804+00
758,1,757,2026-02-06 15:17:13.067804+00,2026-02-06 15:17:13.067804+00
759,1,758,2026-02-06 15:17:13.067804+00,2026-02-06 15:17:13.067804+00
760,1,759,2026-02-06 15:17:13.067804+00,2026-02-06 15:17:13.067804+00
761,1,760,2026-02-06 15:17:13.067804+00,2026-02-06 15:17:13.067804+00
762,1,761,2026-02-06 15:17:13.067804+00,2026-02-06 15:17:13.067804+00
763,1,762,2026-02-06 15:17:13.067804+00,2026-02-06 15:17:13.067804+00
764,1,763,2026-02-06 15:17:13.067804+00,2026-02-06 15:17:13.067804+00
765,1,764,2026-02-06 15:17:13.067804+00,2026-02-06 15:17:13.067804+00
766,1,765,2026-02-06 15:17:13.067804+00,2026-02-06 15:17:13.067804+00
767,1,766,2026-02-06 15:17:13.067804+00,2026-02-06 15:17:13.067804+00
768,1,767,2026-02-06 15:17:13.067804+00,2026-02-06 15:17:13.067804+00
769,1,768,2026-02-06 15:17:13.067804+00,2026-02-06 15:17:13.067804+00
770,1,769,2026-02-06 15:17:13.067804+00,2026-02-06 15:17:13.067804+00
771,1,770,2026-02-06 15:17:13.067804+00,2026-02-06 15:17:13.067804+00
772,1,771,2026-02-06 15:17:13.067804+00,2026-02-06 15:17:13.067804+00
773,1,772,2026-02-06 15:17:13.067804+00,2026-02-06 15:17:13.067804+00
774,1,773,2026-02-06 15:17:13.067804+00,2026-02-06 15:17:13.067804+00
775,1,774,2026-02-06 15:17:13.067804+00,2026-02-06 15:17:13.067804+00
776,1,775,2026-02-06 15:17:13.067804+00,2026-02-06 15:17:13.067804+00
777,1,776,2026-02-06 15:17:13.067804+00,2026-02-06 15:17:13.067804+00
778,1,777,2026-02-06 15:17:13.067804+00,2026-02-06 15:17:13.067804+00
779,1,778,2026-02-06 15:17:13.067804+00,2026-02-06 15:17:13.067804+00
780,1,779,2026-02-06 15:17:13.067804+00,2026-02-06 15:17:13.067804+00
781,1,780,2026-02-06 15:17:13.067804+00,2026-02-06 15:17:13.067804+00
782,1,781,2026-02-06 15:17:13.067804+00,2026-02-06 15:17:13.067804+00
783,1,782,2026-02-06 15:17:13.067804+00,2026-02-06 15:17:13.067804+00
784,1,783,2026-02-06 15:17:13.067804+00,2026-02-06 15:17:13.067804+00
785,1,784,2026-02-06 15:17:13.067804+00,2026-02-06 15:17:13.067804+00
786,1,785,2026-02-06 15:17:13.067804+00,2026-02-06 15:17:13.067804+00
787,1,786,2026-02-06 15:17:13.067804+00,2026-02-06 15:17:13.067804+00
788,1,787,2026-02-06 15:17:13.067804+00,2026-02-06 15:17:13.067804+00
789,1,788,2026-02-06 15:17:13.067804+00,2026-02-06 15:17:13.067804+00
790,1,789,2026-02-06 15:17:13.067804+00,2026-02-06 15:17:13.067804+00
791,1,790,2026-02-06 15:17:13.067804+00,2026-02-06 15:17:13.067804+00
792,1,791,2026-02-06 15:17:13.067804+00,2026-02-06 15:17:13.067804+00
793,1,792,2026-02-06 15:17:13.067804+00,2026-02-06 15:17:13.067804+00
794,1,793,2026-02-06 15:17:13.067804+00,2026-02-06 15:17:13.067804+00
795,1,794,2026-02-06 15:17:13.067804+00,2026-02-06 15:17:13.067804+00
796,1,795,2026-02-06 15:17:13.067804+00,2026-02-06 15:17:13.067804+00
797,1,796,2026-02-06 15:17:13.067804+00,2026-02-06 15:17:13.067804+00
798,1,797,2026-02-06 15:17:13.067804+00,2026-02-06 15:17:13.067804+00
799,1,798,2026-02-06 15:17:13.067804+00,2026-02-06 15:17:13.067804+00
800,1,799,2026-02-06 15:17:13.067804+00,2026-02-06 15:17:13.067804+00
801,1,800,2026-02-06 15:17:13.067804+00,2026-02-06 15:17:13.067804+00
802,1,801,2026-02-06 15:17:13.067804+00,2026-02-06 15:17:13.067804+00
803,1,802,2026-02-06 15:17:13.067804+00,2026-02-06 15:17:13.067804+00
804,1,803,2026-02-06 15:17:13.067804+00,2026-02-06 15:17:13.067804+00
805,1,804,2026-02-06 15:17:13.067804+00,2026-02-06 15:17:13.067804+00
806,1,805,2026-02-06 15:17:13.067804+00,2026-02-06 15:17:13.067804+00
807,1,806,2026-02-06 15:17:13.067804+00,2026-02-06 15:17:13.067804+00
808,1,807,2026-02-06 15:17:13.067804+00,2026-02-06 15:17:13.067804+00
809,1,808,2026-02-06 15:17:13.067804+00,2026-02-06 15:17:13.067804+00
810,1,809,2026-02-06 15:17:13.067804+00,2026-02-06 15:17:13.067804+00
811,1,810,2026-02-06 15:17:13.067804+00,2026-02-06 15:17:13.067804+00
812,1,811,2026-02-06 15:17:13.067804+00,2026-02-06 15:17:13.067804+00
813,1,812,2026-02-06 15:17:13.067804+00,2026-02-06 15:17:13.067804+00
814,1,813,2026-02-06 15:17:13.067804+00,2026-02-06 15:17:13.067804+00
815,1,814,2026-02-06 15:17:13.067804+00,2026-02-06 15:17:13.067804+00
816,1,815,2026-02-06 15:17:13.067804+00,2026-02-06 15:17:13.067804+00
817,1,816,2026-02-06 15:17:13.067804+00,2026-02-06 15:17:13.067804+00
818,1,817,2026-02-06 15:17:13.067804+00,2026-02-06 15:17:13.067804+00
819,1,818,2026-02-06 15:17:13.067804+00,2026-02-06 15:17:13.067804+00
820,1,819,2026-02-06 15:17:13.067804+00,2026-02-06 15:17:13.067804+00
821,1,820,2026-02-06 15:17:13.067804+00,2026-02-06 15:17:13.067804+00
822,1,821,2026-02-06 15:17:13.067804+00,2026-02-06 15:17:13.067804+00
823,1,822,2026-02-06 15:17:13.067804+00,2026-02-06 15:17:13.067804+00
824,1,823,2026-02-06 15:17:13.067804+00,2026-02-06 15:17:13.067804+00
825,1,824,2026-02-06 15:17:13.067804+00,2026-02-06 15:17:13.067804+00
826,1,825,2026-02-06 15:17:13.067804+00,2026-02-06 15:17:13.067804+00
827,1,826,2026-02-06 15:17:13.067804+00,2026-02-06 15:17:13.067804+00
828,1,827,2026-02-06 15:17:13.067804+00,2026-02-06 15:17:13.067804+00
829,1,828,2026-02-06 15:17:13.067804+00,2026-02-06 15:17:13.067804+00
830,1,829,2026-02-06 15:17:13.067804+00,2026-02-06 15:17:13.067804+00
831,1,830,2026-02-06 15:17:13.067804+00,2026-02-06 15:17:13.067804+00
832,1,831,2026-02-06 15:17:13.067804+00,2026-02-06 15:17:13.067804+00
833,1,832,2026-02-06 15:17:13.067804+00,2026-02-06 15:17:13.067804+00
834,1,833,2026-02-06 15:17:13.067804+00,2026-02-06 15:17:13.067804+00
835,1,834,2026-02-06 15:17:13.067804+00,2026-02-06 15:17:13.067804+00
836,1,835,2026-02-06 15:17:13.067804+00,2026-02-06 15:17:13.067804+00
837,1,836,2026-02-06 15:17:13.067804+00,2026-02-06 15:17:13.067804+00
838,1,837,2026-02-06 15:17:13.067804+00,2026-02-06 15:17:13.067804+00
839,1,838,2026-02-06 15:17:13.067804+00,2026-02-06 15:17:13.067804+00
840,1,839,2026-02-06 15:17:13.067804+00,2026-02-06 15:17:13.067804+00
841,1,840,2026-02-06 15:17:13.067804+00,2026-02-06 15:17:13.067804+00
842,1,841,2026-02-06 15:17:13.067804+00,2026-02-06 15:17:13.067804+00
843,1,842,2026-02-06 15:17:13.067804+00,2026-02-06 15:17:13.067804+00
844,1,843,2026-02-06 15:17:13.067804+00,2026-02-06 15:17:13.067804+00
845,1,844,2026-02-06 15:17:13.067804+00,2026-02-06 15:17:13.067804+00
846,1,845,2026-02-06 15:17:13.067804+00,2026-02-06 15:17:13.067804+00
847,1,846,2026-02-06 15:17:13.067804+00,2026-02-06 15:17:13.067804+00
848,1,847,2026-02-06 15:17:13.067804+00,2026-02-06 15:17:13.067804+00
849,1,848,2026-02-06 15:17:13.067804+00,2026-02-06 15:17:13.067804+00
850,1,849,2026-02-06 15:17:13.067804+00,2026-02-06 15:17:13.067804+00
851,1,850,2026-02-06 15:17:13.067804+00,2026-02-06 15:17:13.067804+00
852,1,851,2026-02-06 15:17:13.067804+00,2026-02-06 15:17:13.067804+00
853,1,852,2026-02-06 15:17:13.067804+00,2026-02-06 15:17:13.067804+00
854,1,853,2026-02-06 15:17:13.067804+00,2026-02-06 15:17:13.067804+00
855,1,854,2026-02-06 15:17:13.067804+00,2026-02-06 15:17:13.067804+00
856,1,855,2026-02-06 15:17:13.067804+00,2026-02-06 15:17:13.067804+00
857,1,856,2026-02-06 15:17:13.067804+00,2026-02-06 15:17:13.067804+00
858,1,857,2026-02-06 15:17:13.067804+00,2026-02-06 15:17:13.067804+00
859,1,858,2026-02-06 15:17:13.067804+00,2026-02-06 15:17:13.067804+00
860,1,859,2026-02-06 15:17:13.067804+00,2026-02-06 15:17:13.067804+00
861,1,860,2026-02-06 15:17:13.067804+00,2026-02-06 15:17:13.067804+00
862,1,861,2026-02-06 15:17:13.067804+00,2026-02-06 15:17:13.067804+00
863,1,862,2026-02-06 15:17:13.067804+00,2026-02-06 15:17:13.067804+00
864,1,863,2026-02-06 15:17:13.067804+00,2026-02-06 15:17:13.067804+00
865,1,864,2026-02-06 15:17:13.067804+00,2026-02-06 15:17:13.067804+00
866,1,865,2026-02-06 15:17:13.067804+00,2026-02-06 15:17:13.067804+00
867,1,866,2026-02-06 15:17:13.067804+00,2026-02-06 15:17:13.067804+00
868,1,867,2026-02-06 15:17:13.067804+00,2026-02-06 15:17:13.067804+00
869,1,868,2026-02-06 15:17:13.067804+00,2026-02-06 15:17:13.067804+00
870,1,869,2026-02-06 15:17:13.067804+00,2026-02-06 15:17:13.067804+00
871,1,870,2026-02-06 15:17:13.067804+00,2026-02-06 15:17:13.067804+00
872,1,871,2026-02-06 15:17:13.067804+00,2026-02-06 15:17:13.067804+00
873,1,872,2026-02-06 15:17:13.067804+00,2026-02-06 15:17:13.067804+00
874,1,873,2026-02-06 15:17:13.067804+00,2026-02-06 15:17:13.067804+00
875,1,874,2026-02-06 15:17:13.067804+00,2026-02-06 15:17:13.067804+00
876,1,875,2026-02-06 15:17:13.067804+00,2026-02-06 15:17:13.067804+00
877,1,876,2026-02-06 15:17:13.067804+00,2026-02-06 15:17:13.067804+00
878,1,877,2026-02-06 15:17:13.067804+00,2026-02-06 15:17:13.067804+00
879,1,878,2026-02-06 15:17:13.067804+00,2026-02-06 15:17:13.067804+00
880,1,879,2026-02-06 15:17:13.067804+00,2026-02-06 15:17:13.067804+00
881,1,880,2026-02-06 15:17:13.067804+00,2026-02-06 15:17:13.067804+00
882,1,881,2026-02-06 15:17:13.067804+00,2026-02-06 15:17:13.067804+00
883,1,882,2026-02-06 15:17:13.067804+00,2026-02-06 15:17:13.067804+00
884,1,883,2026-02-06 15:17:13.067804+00,2026-02-06 15:17:13.067804+00
885,1,884,2026-02-06 15:17:13.067804+00,2026-02-06 15:17:13.067804+00
886,1,885,2026-02-06 15:17:13.067804+00,2026-02-06 15:17:13.067804+00
887,1,886,2026-02-06 15:17:13.067804+00,2026-02-06 15:17:13.067804+00
888,1,887,2026-02-06 15:17:13.067804+00,2026-02-06 15:17:13.067804+00
889,1,888,2026-02-06 15:17:13.067804+00,2026-02-06 15:17:13.067804+00
890,1,889,2026-02-06 15:17:13.067804+00,2026-02-06 15:17:13.067804+00
891,1,890,2026-02-06 15:17:13.067804+00,2026-02-06 15:17:13.067804+00
892,1,891,2026-02-06 15:17:13.067804+00,2026-02-06 15:17:13.067804+00
893,1,892,2026-02-06 15:17:13.067804+00,2026-02-06 15:17:13.067804+00
895,1,894,2026-02-06 15:17:13.067804+00,2026-02-06 15:17:13.067804+00
896,1,895,2026-02-06 15:17:13.067804+00,2026-02-06 15:17:13.067804+00
897,1,896,2026-02-06 15:17:13.067804+00,2026-02-06 15:17:13.067804+00
898,1,897,2026-02-06 15:17:13.067804+00,2026-02-06 15:17:13.067804+00
899,1,898,2026-02-06 15:17:13.067804+00,2026-02-06 15:17:13.067804+00
900,1,899,2026-02-06 15:17:13.067804+00,2026-02-06 15:17:13.067804+00
901,1,900,2026-02-06 15:17:13.067804+00,2026-02-06 15:17:13.067804+00
902,1,901,2026-02-06 15:17:13.067804+00,2026-02-06 15:17:13.067804+00
903,1,902,2026-02-06 15:17:13.067804+00,2026-02-06 15:17:13.067804+00
904,1,903,2026-02-06 15:17:13.067804+00,2026-02-06 15:17:13.067804+00
905,1,904,2026-02-06 15:17:13.067804+00,2026-02-06 15:17:13.067804+00
906,1,905,2026-02-06 15:17:13.067804+00,2026-02-06 15:17:13.067804+00
907,1,906,2026-02-06 15:17:13.067804+00,2026-02-06 15:17:13.067804+00
908,1,907,2026-02-06 15:17:13.067804+00,2026-02-06 15:17:13.067804+00
909,1,908,2026-02-06 15:17:13.067804+00,2026-02-06 15:17:13.067804+00
910,1,909,2026-02-06 15:17:13.067804+00,2026-02-06 15:17:13.067804+00
911,1,910,2026-02-06 15:17:13.067804+00,2026-02-06 15:17:13.067804+00
912,1,911,2026-02-06 15:17:13.067804+00,2026-02-06 15:17:13.067804+00
913,1,912,2026-02-06 15:17:13.067804+00,2026-02-06 15:17:13.067804+00
914,1,913,2026-02-06 15:17:13.067804+00,2026-02-06 15:17:13.067804+00
915,1,914,2026-02-06 15:17:13.067804+00,2026-02-06 15:17:13.067804+00
916,1,915,2026-02-06 15:17:13.067804+00,2026-02-06 15:17:13.067804+00
917,1,916,2026-02-06 15:17:13.067804+00,2026-02-06 15:17:13.067804+00
918,1,917,2026-02-06 15:17:13.067804+00,2026-02-06 15:17:13.067804+00
919,1,918,2026-02-06 15:17:13.067804+00,2026-02-06 15:17:13.067804+00
920,1,919,2026-02-06 15:17:13.067804+00,2026-02-06 15:17:13.067804+00
921,1,920,2026-02-06 15:17:13.067804+00,2026-02-06 15:17:13.067804+00
922,1,921,2026-02-06 15:17:13.067804+00,2026-02-06 15:17:13.067804+00
923,1,922,2026-02-06 15:17:13.067804+00,2026-02-06 15:17:13.067804+00
924,1,923,2026-02-06 15:17:13.067804+00,2026-02-06 15:17:13.067804+00
925,1,924,2026-02-06 15:17:13.067804+00,2026-02-06 15:17:13.067804+00
926,1,925,2026-02-06 15:17:13.067804+00,2026-02-06 15:17:13.067804+00
927,1,926,2026-02-06 15:17:13.067804+00,2026-02-06 15:17:13.067804+00
928,1,927,2026-02-06 15:17:13.067804+00,2026-02-06 15:17:13.067804+00
929,1,928,2026-02-06 15:17:13.067804+00,2026-02-06 15:17:13.067804+00
930,1,929,2026-02-06 15:17:13.067804+00,2026-02-06 15:17:13.067804+00
931,1,930,2026-02-06 15:17:13.067804+00,2026-02-06 15:17:13.067804+00
932,1,931,2026-02-06 15:17:13.067804+00,2026-02-06 15:17:13.067804+00
933,1,932,2026-02-06 15:17:13.067804+00,2026-02-06 15:17:13.067804+00
934,1,933,2026-02-06 15:17:13.067804+00,2026-02-06 15:17:13.067804+00
935,1,934,2026-02-06 15:17:13.067804+00,2026-02-06 15:17:13.067804+00
936,1,935,2026-02-06 15:17:13.067804+00,2026-02-06 15:17:13.067804+00
937,1,936,2026-02-06 15:17:13.067804+00,2026-02-06 15:17:13.067804+00
938,1,937,2026-02-06 15:17:13.067804+00,2026-02-06 15:17:13.067804+00
939,1,938,2026-02-06 15:17:13.067804+00,2026-02-06 15:17:13.067804+00
940,1,939,2026-02-06 15:17:13.067804+00,2026-02-06 15:17:13.067804+00
941,1,940,2026-02-06 15:17:13.067804+00,2026-02-06 15:17:13.067804+00
942,1,941,2026-02-06 15:17:13.067804+00,2026-02-06 15:17:13.067804+00
943,1,942,2026-02-06 15:17:13.067804+00,2026-02-06 15:17:13.067804+00
944,1,943,2026-02-06 15:17:13.067804+00,2026-02-06 15:17:13.067804+00
945,1,944,2026-02-06 15:17:13.067804+00,2026-02-06 15:17:13.067804+00
946,1,945,2026-02-06 15:17:13.067804+00,2026-02-06 15:17:13.067804+00
947,1,946,2026-02-06 15:17:13.067804+00,2026-02-06 15:17:13.067804+00
948,1,947,2026-02-06 15:17:13.067804+00,2026-02-06 15:17:13.067804+00
949,1,948,2026-02-06 15:17:13.067804+00,2026-02-06 15:17:13.067804+00
950,1,949,2026-02-06 15:17:13.067804+00,2026-02-06 15:17:13.067804+00
951,1,950,2026-02-06 15:17:13.067804+00,2026-02-06 15:17:13.067804+00
952,1,951,2026-02-06 15:17:13.067804+00,2026-02-06 15:17:13.067804+00
953,1,952,2026-02-06 15:17:13.067804+00,2026-02-06 15:17:13.067804+00
954,1,953,2026-02-06 15:17:13.067804+00,2026-02-06 15:17:13.067804+00
955,1,954,2026-02-06 15:17:13.067804+00,2026-02-06 15:17:13.067804+00
956,1,955,2026-02-06 15:17:13.067804+00,2026-02-06 15:17:13.067804+00
957,1,956,2026-02-06 15:17:13.067804+00,2026-02-06 15:17:13.067804+00
958,1,957,2026-02-06 15:17:13.067804+00,2026-02-06 15:17:13.067804+00
959,1,958,2026-02-06 15:17:13.067804+00,2026-02-06 15:17:13.067804+00
960,1,959,2026-02-06 15:17:13.067804+00,2026-02-06 15:17:13.067804+00
961,1,960,2026-02-06 15:17:13.067804+00,2026-02-06 15:17:13.067804+00
962,1,961,2026-02-06 15:17:13.067804+00,2026-02-06 15:17:13.067804+00
963,1,962,2026-02-06 15:17:13.067804+00,2026-02-06 15:17:13.067804+00
964,1,963,2026-02-06 15:17:13.067804+00,2026-02-06 15:17:13.067804+00
965,1,964,2026-02-06 15:17:13.067804+00,2026-02-06 15:17:13.067804+00
966,1,965,2026-02-06 15:17:13.067804+00,2026-02-06 15:17:13.067804+00
967,1,966,2026-02-06 15:17:13.067804+00,2026-02-06 15:17:13.067804+00
968,1,967,2026-02-06 15:17:13.067804+00,2026-02-06 15:17:13.067804+00
969,1,968,2026-02-06 15:17:13.067804+00,2026-02-06 15:17:13.067804+00
970,1,969,2026-02-06 15:17:13.067804+00,2026-02-06 15:17:13.067804+00
971,1,970,2026-02-06 15:17:13.067804+00,2026-02-06 15:17:13.067804+00
972,1,971,2026-02-06 15:17:13.067804+00,2026-02-06 15:17:13.067804+00
973,1,972,2026-02-06 15:17:13.067804+00,2026-02-06 15:17:13.067804+00
974,1,973,2026-02-06 15:17:13.067804+00,2026-02-06 15:17:13.067804+00
975,1,974,2026-02-06 15:17:13.067804+00,2026-02-06 15:17:13.067804+00
976,1,975,2026-02-06 15:17:13.067804+00,2026-02-06 15:17:13.067804+00
977,1,976,2026-02-06 15:17:13.067804+00,2026-02-06 15:17:13.067804+00
978,1,977,2026-02-06 15:17:13.067804+00,2026-02-06 15:17:13.067804+00
979,1,978,2026-02-06 15:17:13.067804+00,2026-02-06 15:17:13.067804+00
980,1,979,2026-02-06 15:17:13.067804+00,2026-02-06 15:17:13.067804+00
981,1,980,2026-02-06 15:17:13.067804+00,2026-02-06 15:17:13.067804+00
982,1,981,2026-02-06 15:17:13.067804+00,2026-02-06 15:17:13.067804+00
983,1,982,2026-02-06 15:17:13.067804+00,2026-02-06 15:17:13.067804+00
984,1,983,2026-02-06 15:17:13.067804+00,2026-02-06 15:17:13.067804+00
985,1,984,2026-02-06 15:17:13.067804+00,2026-02-06 15:17:13.067804+00
986,1,985,2026-02-06 15:17:13.067804+00,2026-02-06 15:17:13.067804+00
987,1,986,2026-02-06 15:17:13.067804+00,2026-02-06 15:17:13.067804+00
988,1,987,2026-02-06 15:17:13.067804+00,2026-02-06 15:17:13.067804+00
989,1,988,2026-02-06 15:17:13.067804+00,2026-02-06 15:17:13.067804+00
990,1,989,2026-02-06 15:17:13.067804+00,2026-02-06 15:17:13.067804+00
991,1,990,2026-02-06 15:17:13.067804+00,2026-02-06 15:17:13.067804+00
1012,1,1011,2026-02-06 15:17:13.067804+00,2026-02-06 15:17:13.067804+00
1054,1,1053,2026-02-06 15:17:13.067804+00,2026-02-06 15:17:13.067804+00
1055,1,1054,2026-02-06 15:17:13.067804+00,2026-02-06 15:17:13.067804+00
1056,1,1055,2026-02-06 15:17:13.067804+00,2026-02-06 15:17:13.067804+00
1057,1,1056,2026-02-06 15:17:13.067804+00,2026-02-06 15:17:13.067804+00
1058,1,1057,2026-02-06 15:17:13.067804+00,2026-02-06 15:17:13.067804+00
1059,1,1058,2026-02-06 15:17:13.067804+00,2026-02-06 15:17:13.067804+00
1060,1,1059,2026-02-06 15:17:13.067804+00,2026-02-06 15:17:13.067804+00
1061,1,1060,2026-02-06 15:17:13.067804+00,2026-02-06 15:17:13.067804+00
1062,1,1061,2026-02-06 15:17:13.067804+00,2026-02-06 15:17:13.067804+00
1063,1,1062,2026-02-06 15:17:13.067804+00,2026-02-06 15:17:13.067804+00
1064,1,1063,2026-02-06 15:17:13.067804+00,2026-02-06 15:17:13.067804+00
1065,1,1064,2026-02-06 15:17:13.067804+00,2026-02-06 15:17:13.067804+00
1066,1,1065,2026-02-06 15:17:13.067804+00,2026-02-06 15:17:13.067804+00
1067,1,1066,2026-02-06 15:17:13.067804+00,2026-02-06 15:17:13.067804+00
1068,1,1067,2026-02-06 15:17:13.067804+00,2026-02-06 15:17:13.067804+00
1069,1,1068,2026-02-06 15:17:13.067804+00,2026-02-06 15:17:13.067804+00
1070,1,1069,2026-02-06 15:17:13.067804+00,2026-02-06 15:17:13.067804+00
1071,1,1070,2026-02-06 15:17:13.067804+00,2026-02-06 15:17:13.067804+00
1072,1,1071,2026-02-06 15:17:13.067804+00,2026-02-06 15:17:13.067804+00
1073,1,1072,2026-02-06 15:17:13.067804+00,2026-02-06 15:17:13.067804+00
1074,1,1073,2026-02-06 15:17:13.067804+00,2026-02-06 15:17:13.067804+00
1075,1,1074,2026-02-06 15:17:13.067804+00,2026-02-06 15:17:13.067804+00
1076,1,1075,2026-02-06 15:17:13.067804+00,2026-02-06 15:17:13.067804+00
1077,1,1076,2026-02-06 15:17:13.067804+00,2026-02-06 15:17:13.067804+00
1079,1,1078,2026-02-06 15:17:13.067804+00,2026-02-06 15:17:13.067804+00
1080,1,1079,2026-02-06 15:17:13.067804+00,2026-02-06 15:17:13.067804+00
1081,1,1080,2026-02-06 15:17:13.067804+00,2026-02-06 15:17:13.067804+00
1082,1,1081,2026-02-06 15:17:13.067804+00,2026-02-06 15:17:13.067804+00
1083,1,1082,2026-02-06 15:17:13.067804+00,2026-02-06 15:17:13.067804+00
1084,1,1083,2026-02-06 15:17:13.067804+00,2026-02-06 15:17:13.067804+00
1085,1,1084,2026-02-06 15:17:13.067804+00,2026-02-06 15:17:13.067804+00
1086,1,1085,2026-02-06 15:17:13.067804+00,2026-02-06 15:17:13.067804+00
1087,1,1086,2026-02-06 15:17:13.067804+00,2026-02-06 15:17:13.067804+00
1088,1,1087,2026-02-06 15:17:13.067804+00,2026-02-06 15:17:13.067804+00
1089,1,1088,2026-02-06 15:17:13.067804+00,2026-02-06 15:17:13.067804+00
1090,1,1089,2026-02-06 15:17:13.067804+00,2026-02-06 15:17:13.067804+00
1091,1,1090,2026-02-06 15:17:13.067804+00,2026-02-06 15:17:13.067804+00
1092,1,1091,2026-02-06 15:17:13.067804+00,2026-02-06 15:17:13.067804+00
1093,1,1092,2026-02-06 15:17:13.067804+00,2026-02-06 15:17:13.067804+00
1094,1,1093,2026-02-06 15:17:13.067804+00,2026-02-06 15:17:13.067804+00
1095,1,1094,2026-02-06 15:17:13.067804+00,2026-02-06 15:17:13.067804+00
1096,1,1095,2026-02-06 15:17:13.067804+00,2026-02-06 15:17:13.067804+00
1097,1,1096,2026-02-06 15:17:13.067804+00,2026-02-06 15:17:13.067804+00
1098,1,1097,2026-02-06 15:17:13.067804+00,2026-02-06 15:17:13.067804+00
1099,1,1098,2026-02-06 15:17:13.067804+00,2026-02-06 15:17:13.067804+00
1100,1,1099,2026-02-06 15:17:13.067804+00,2026-02-06 15:17:13.067804+00
1101,1,1100,2026-02-06 15:17:13.067804+00,2026-02-06 15:17:13.067804+00
1102,1,1101,2026-02-06 15:17:13.067804+00,2026-02-06 15:17:13.067804+00
1103,1,1102,2026-02-06 15:17:13.067804+00,2026-02-06 15:17:13.067804+00
1104,1,1103,2026-02-06 15:17:13.067804+00,2026-02-06 15:17:13.067804+00
1105,1,1104,2026-02-06 15:17:13.067804+00,2026-02-06 15:17:13.067804+00
1106,1,1105,2026-02-06 15:17:13.067804+00,2026-02-06 15:17:13.067804+00
1107,1,1106,2026-02-06 15:17:13.067804+00,2026-02-06 15:17:13.067804+00
1108,1,1107,2026-02-06 15:17:13.067804+00,2026-02-06 15:17:13.067804+00
1109,1,1108,2026-02-06 15:17:13.067804+00,2026-02-06 15:17:13.067804+00
1110,1,1109,2026-02-06 15:17:13.067804+00,2026-02-06 15:17:13.067804+00
1111,1,1110,2026-02-06 15:17:13.067804+00,2026-02-06 15:17:13.067804+00
1112,1,1111,2026-02-06 15:17:13.067804+00,2026-02-06 15:17:13.067804+00
1113,1,1112,2026-02-06 15:17:13.067804+00,2026-02-06 15:17:13.067804+00
1114,1,1113,2026-02-06 15:17:13.067804+00,2026-02-06 15:17:13.067804+00
1115,1,1114,2026-02-06 15:17:13.067804+00,2026-02-06 15:17:13.067804+00
1116,1,1115,2026-02-06 15:17:13.067804+00,2026-02-06 15:17:13.067804+00
1117,1,1116,2026-02-06 15:17:13.067804+00,2026-02-06 15:17:13.067804+00
1118,1,1117,2026-02-06 15:17:13.067804+00,2026-02-06 15:17:13.067804+00
1119,1,1118,2026-02-06 15:17:13.067804+00,2026-02-06 15:17:13.067804+00
1120,1,1119,2026-02-06 15:17:13.067804+00,2026-02-06 15:17:13.067804+00
1121,1,1120,2026-02-06 15:17:13.067804+00,2026-02-06 15:17:13.067804+00
1122,1,1121,2026-02-06 15:17:13.067804+00,2026-02-06 15:17:13.067804+00
1123,1,1122,2026-02-06 15:17:13.067804+00,2026-02-06 15:17:13.067804+00
1124,1,1123,2026-02-06 15:17:13.067804+00,2026-02-06 15:17:13.067804+00
1125,1,1124,2026-02-06 15:17:13.067804+00,2026-02-06 15:17:13.067804+00
1127,1,1126,2026-02-06 15:17:13.067804+00,2026-02-06 15:17:13.067804+00
1128,1,1127,2026-02-06 15:17:13.067804+00,2026-02-06 15:17:13.067804+00
1129,1,1128,2026-02-06 15:17:13.067804+00,2026-02-06 15:17:13.067804+00
1130,1,1129,2026-02-06 15:17:13.067804+00,2026-02-06 15:17:13.067804+00
1131,1,1130,2026-02-06 15:17:13.067804+00,2026-02-06 15:17:13.067804+00
1132,1,1131,2026-02-06 15:17:13.067804+00,2026-02-06 15:17:13.067804+00
1133,1,1132,2026-02-06 15:17:13.067804+00,2026-02-06 15:17:13.067804+00
1134,1,1133,2026-02-06 15:17:13.067804+00,2026-02-06 15:17:13.067804+00
1135,1,1134,2026-02-06 15:17:13.067804+00,2026-02-06 15:17:13.067804+00
1136,1,1135,2026-02-06 15:17:13.067804+00,2026-02-06 15:17:13.067804+00
1137,1,1136,2026-02-06 15:17:13.067804+00,2026-02-06 15:17:13.067804+00
1138,1,1137,2026-02-06 15:17:13.067804+00,2026-02-06 15:17:13.067804+00
1139,1,1138,2026-02-06 15:17:13.067804+00,2026-02-06 15:17:13.067804+00
1140,1,1139,2026-02-06 15:17:13.067804+00,2026-02-06 15:17:13.067804+00
1141,1,1140,2026-02-06 15:17:13.067804+00,2026-02-06 15:17:13.067804+00
1142,1,1141,2026-02-06 15:17:13.067804+00,2026-02-06 15:17:13.067804+00
1143,1,1142,2026-02-06 15:17:13.067804+00,2026-02-06 15:17:13.067804+00
1176,1,1208,2026-02-06 15:17:13.067804+00,2026-02-06 15:17:13.067804+00
1176,2,1209,2026-02-06 15:17:13.067804+00,2026-02-06 15:17:13.067804+00
1168,1,1210,2026-02-06 15:17:13.067804+00,2026-02-06 15:17:13.067804+00
1168,2,1211,2026-02-06 15:17:13.067804+00,2026-02-06 15:17:13.067804+00
1169,1,1212,2026-02-06 15:17:13.067804+00,2026-02-06 15:17:13.067804+00
1169,2,1213,2026-02-06 15:17:13.067804+00,2026-02-06 15:17:13.067804+00
1170,1,1214,2026-02-06 15:17:13.067804+00,2026-02-06 15:17:13.067804+00
1170,2,1215,2026-02-06 15:17:13.067804+00,2026-02-06 15:17:13.067804+00
1173,1,1220,2026-02-06 15:17:13.067804+00,2026-02-06 15:17:13.067804+00
1173,2,1221,2026-02-06 15:17:13.067804+00,2026-02-06 15:17:13.067804+00
1175,1,1224,2026-02-06 15:17:13.067804+00,2026-02-06 15:17:13.067804+00
1175,2,1225,2026-02-06 15:17:13.067804+00,2026-02-06 15:17:13.067804+00
1177,1,1226,2026-02-06 15:17:13.067804+00,2026-02-06 15:17:13.067804+00
1177,2,1227,2026-02-06 15:17:13.067804+00,2026-02-06 15:17:13.067804+00
1178,1,1228,2026-02-06 15:17:13.067804+00,2026-02-06 15:17:13.067804+00
1178,2,1229,2026-02-06 15:17:13.067804+00,2026-02-06 15:17:13.067804+00
1174,1,1230,2026-02-06 15:17:13.067804+00,2026-02-06 15:17:13.067804+00
1174,2,1231,2026-02-06 15:17:13.067804+00,2026-02-06 15:17:13.067804+00
1180,1,1232,2026-02-06 15:17:13.067804+00,2026-02-06 15:17:13.067804+00
1180,2,1233,2026-02-06 15:17:13.067804+00,2026-02-06 15:17:13.067804+00
1179,1,1234,2026-02-06 15:17:13.067804+00,2026-02-06 15:17:13.067804+00
1179,2,1235,2026-02-06 15:17:13.067804+00,2026-02-06 15:17:13.067804+00
1181,1,1236,2026-02-06 15:17:13.067804+00,2026-02-06 15:17:13.067804+00
1181,2,1237,2026-02-06 15:17:13.067804+00,2026-02-06 15:17:13.067804+00
1182,1,1240,2026-02-06 15:17:13.067804+00,2026-02-06 15:17:13.067804+00
1182,2,1241,2026-02-06 15:17:13.067804+00,2026-02-06 15:17:13.067804+00
1183,1,1242,2026-02-06 15:17:13.067804+00,2026-02-06 15:17:13.067804+00
1183,2,1243,2026-02-06 15:17:13.067804+00,2026-02-06 15:17:13.067804+00
1184,1,1244,2026-02-06 15:17:13.067804+00,2026-02-06 15:17:13.067804+00
1184,2,1245,2026-02-06 15:17:13.067804+00,2026-02-06 15:17:13.067804+00
1185,1,1246,2026-02-06 15:17:13.067804+00,2026-02-06 15:17:13.067804+00
1185,2,1247,2026-02-06 15:17:13.067804+00,2026-02-06 15:17:13.067804+00
1186,1,1248,2026-02-06 15:17:13.067804+00,2026-02-06 15:17:13.067804+00
1186,2,1249,2026-02-06 15:17:13.067804+00,2026-02-06 15:17:13.067804+00
1187,1,1250,2026-02-06 15:17:13.067804+00,2026-02-06 15:17:13.067804+00
1187,2,1251,2026-02-06 15:17:13.067804+00,2026-02-06 15:17:13.067804+00
1188,1,1252,2026-02-06 15:17:13.067804+00,2026-02-06 15:17:13.067804+00
1188,2,1253,2026-02-06 15:17:13.067804+00,2026-02-06 15:17:13.067804+00
1189,1,1254,2026-02-06 15:17:13.067804+00,2026-02-06 15:17:13.067804+00
1189,2,1255,2026-02-06 15:17:13.067804+00,2026-02-06 15:17:13.067804+00
1190,1,1256,2026-02-06 15:17:13.067804+00,2026-02-06 15:17:13.067804+00
1190,2,1257,2026-02-06 15:17:13.067804+00,2026-02-06 15:17:13.067804+00
1191,1,1258,2026-02-06 15:17:13.067804+00,2026-02-06 15:17:13.067804+00
1191,2,1259,2026-02-06 15:17:13.067804+00,2026-02-06 15:17:13.067804+00
1254,3,1260,2026-02-08 16:01:55.586+00,2026-02-08 16:01:55.586+00
1248,3,1261,2026-02-08 16:16:26.488928+00,2026-02-08 16:16:26.488928+00
1202,3,1262,2026-02-08 17:55:51.115373+00,2026-02-08 17:55:51.115373+00
1205,3,1263,2026-02-09 00:11:28.477859+00,2026-02-09 00:11:28.477859+00
1144,1,1264,2026-02-23 23:07:54.958126+00,2026-02-23 23:07:54.958126+00
1144,2,1265,2026-02-23 23:07:54.958126+00,2026-02-23 23:07:54.958126+00
1145,1,1266,2026-02-23 23:08:14.628551+00,2026-02-23 23:08:14.628551+00
1145,2,1267,2026-02-23 23:08:14.628551+00,2026-02-23 23:08:14.628551+00
1146,1,1268,2026-02-23 23:08:29.076175+00,2026-02-23 23:08:29.076175+00
1146,2,1269,2026-02-23 23:08:29.076175+00,2026-02-23 23:08:29.076175+00
1147,1,1270,2026-02-23 23:08:52.639367+00,2026-02-23 23:08:52.639367+00
1147,2,1271,2026-02-23 23:08:52.639367+00,2026-02-23 23:08:52.639367+00
1148,1,1272,2026-02-23 23:09:11.980158+00,2026-02-23 23:09:11.980158+00
1148,2,1273,2026-02-23 23:09:11.980158+00,2026-02-23 23:09:11.980158+00
1171,4,1274,2026-04-06 16:32:44.817416+00,2026-04-06 16:32:44.817416+00
1172,4,1276,2026-04-06 16:40:34.34666+00,2026-04-06 16:40:34.34666+00
1256,5,1279,2026-04-06 16:53:39.188838+00,2026-04-06 16:53:39.188838+00
1257,5,1280,2026-04-06 16:55:24.662925+00,2026-04-06 16:55:24.662925+00
992,1,1281,2026-04-06 18:01:39.566148+00,2026-04-06 18:01:39.566148+00
992,2,1282,2026-04-06 18:01:39.566148+00,2026-04-06 18:01:39.566148+00
993,1,1283,2026-04-06 21:49:39.980908+00,2026-04-06 21:49:39.980908+00
993,2,1284,2026-04-06 21:49:39.980908+00,2026-04-06 21:49:39.980908+00
994,1,1285,2026-04-06 21:50:01.897805+00,2026-04-06 21:50:01.897805+00
994,2,1286,2026-04-06 21:50:01.897805+00,2026-04-06 21:50:01.897805+00
995,1,1287,2026-04-06 21:50:20.668724+00,2026-04-06 21:50:20.668724+00
995,2,1288,2026-04-06 21:50:20.668724+00,2026-04-06 21:50:20.668724+00
996,1,1289,2026-04-06 21:57:58.93949+00,2026-04-06 21:57:58.93949+00
996,2,1290,2026-04-06 21:57:58.93949+00,2026-04-06 21:57:58.93949+00
997,1,1291,2026-04-06 22:10:22.895632+00,2026-04-06 22:10:22.895632+00
997,2,1292,2026-04-06 22:10:22.895632+00,2026-04-06 22:10:22.895632+00
998,1,1295,2026-04-06 22:15:34.746652+00,2026-04-06 22:15:34.746652+00
998,2,1296,2026-04-06 22:15:34.746652+00,2026-04-06 22:15:34.746652+00
999,1,1297,2026-04-06 22:54:07.574962+00,2026-04-06 22:54:07.574962+00
999,2,1298,2026-04-06 22:54:07.574962+00,2026-04-06 22:54:07.574962+00
1000,1,1299,2026-04-06 22:56:39.398904+00,2026-04-06 22:56:39.398904+00
1000,2,1300,2026-04-06 22:56:39.398904+00,2026-04-06 22:56:39.398904+00
1001,1,1301,2026-04-06 23:16:13.380617+00,2026-04-06 23:16:13.380617+00
1001,2,1302,2026-04-06 23:16:13.380617+00,2026-04-06 23:16:13.380617+00
1002,1,1303,2026-04-06 23:20:44.552481+00,2026-04-06 23:20:44.552481+00
1002,2,1304,2026-04-06 23:20:44.552481+00,2026-04-06 23:20:44.552481+00
1003,1,1305,2026-04-07 03:27:58.590914+00,2026-04-07 03:27:58.590914+00
1003,2,1306,2026-04-07 03:27:58.590914+00,2026-04-07 03:27:58.590914+00
1004,1,1307,2026-04-07 15:34:08.88495+00,2026-04-07 15:34:08.88495+00
1004,2,1308,2026-04-07 15:34:08.88495+00,2026-04-07 15:34:08.88495+00
1005,1,1309,2026-04-07 15:36:21.504924+00,2026-04-07 15:36:21.504924+00
1005,2,1310,2026-04-07 15:36:21.504924+00,2026-04-07 15:36:21.504924+00
1006,1,1311,2026-04-07 15:38:28.104168+00,2026-04-07 15:38:28.104168+00
1006,2,1312,2026-04-07 15:38:28.104168+00,2026-04-07 15:38:28.104168+00
1007,1,1313,2026-04-07 19:02:18.69586+00,2026-04-07 19:02:18.69586+00
1007,2,1314,2026-04-07 19:02:18.69586+00,2026-04-07 19:02:18.69586+00
1008,1,1315,2026-04-07 19:11:01.606693+00,2026-04-07 19:11:01.606693+00
1008,2,1316,2026-04-07 19:11:01.606693+00,2026-04-07 19:11:01.606693+00
1009,1,1317,2026-04-07 19:17:22.350315+00,2026-04-07 19:17:22.350315+00
1009,2,1318,2026-04-07 19:17:22.350315+00,2026-04-07 19:17:22.350315+00
1010,1,1319,2026-04-07 19:30:02.480783+00,2026-04-07 19:30:02.480783+00
1010,2,1320,2026-04-07 19:30:02.480783+00,2026-04-07 19:30:02.480783+00
1011,1,1321,2026-04-07 19:35:52.6948+00,2026-04-07 19:35:52.6948+00
1011,2,1322,2026-04-07 19:35:52.6948+00,2026-04-07 19:35:52.6948+00
1013,1,1323,2026-04-07 19:44:44.387296+00,2026-04-07 19:44:44.387296+00
1013,2,1324,2026-04-07 19:44:44.387296+00,2026-04-07 19:44:44.387296+00
1014,1,1325,2026-04-07 19:48:45.106144+00,2026-04-07 19:48:45.106144+00
1014,2,1326,2026-04-07 19:48:45.106144+00,2026-04-07 19:48:45.106144+00
1015,1,1327,2026-04-07 19:53:12.989575+00,2026-04-07 19:53:12.989575+00
1015,2,1328,2026-04-07 19:53:12.989575+00,2026-04-07 19:53:12.989575+00
1016,1,1329,2026-04-07 19:56:53.53872+00,2026-04-07 19:56:53.53872+00
1016,2,1330,2026-04-07 19:56:53.53872+00,2026-04-07 19:56:53.53872+00
1017,1,1331,2026-04-07 20:04:33.454427+00,2026-04-07 20:04:33.454427+00
1017,2,1332,2026-04-07 20:04:33.454427+00,2026-04-07 20:04:33.454427+00
1018,1,1333,2026-04-07 20:07:36.35937+00,2026-04-07 20:07:36.35937+00
1018,2,1334,2026-04-07 20:07:36.35937+00,2026-04-07 20:07:36.35937+00
1019,1,1335,2026-04-07 20:09:52.307846+00,2026-04-07 20:09:52.307846+00
1019,2,1336,2026-04-07 20:09:52.307846+00,2026-04-07 20:09:52.307846+00
1020,1,1337,2026-04-07 20:58:15.043492+00,2026-04-07 20:58:15.043492+00
1020,2,1338,2026-04-07 20:58:15.043492+00,2026-04-07 20:58:15.043492+00
1021,1,1339,2026-04-07 21:00:57.906078+00,2026-04-07 21:00:57.906078+00
1021,2,1340,2026-04-07 21:00:57.906078+00,2026-04-07 21:00:57.906078+00
1022,1,1341,2026-04-07 21:02:16.982594+00,2026-04-07 21:02:16.982594+00
1022,2,1342,2026-04-07 21:02:16.982594+00,2026-04-07 21:02:16.982594+00
1023,1,1343,2026-04-07 21:05:57.397999+00,2026-04-07 21:05:57.397999+00
1023,2,1344,2026-04-07 21:05:57.397999+00,2026-04-07 21:05:57.397999+00
1024,1,1345,2026-04-07 21:07:36.646166+00,2026-04-07 21:07:36.646166+00
1024,2,1346,2026-04-07 21:07:36.646166+00,2026-04-07 21:07:36.646166+00
1025,1,1347,2026-04-07 21:10:34.203595+00,2026-04-07 21:10:34.203595+00
1025,2,1348,2026-04-07 21:10:34.203595+00,2026-04-07 21:10:34.203595+00
1026,1,1349,2026-04-07 23:07:17.391699+00,2026-04-07 23:07:17.391699+00
1026,2,1350,2026-04-07 23:07:17.391699+00,2026-04-07 23:07:17.391699+00
1027,1,1351,2026-04-07 23:09:54.363662+00,2026-04-07 23:09:54.363662+00
1027,2,1352,2026-04-07 23:09:54.363662+00,2026-04-07 23:09:54.363662+00
1028,1,1353,2026-04-07 23:24:43.889493+00,2026-04-07 23:24:43.889493+00
1028,2,1354,2026-04-07 23:24:43.889493+00,2026-04-07 23:24:43.889493+00
1029,1,1355,2026-04-07 23:35:35.142733+00,2026-04-07 23:35:35.142733+00
1029,2,1356,2026-04-07 23:35:35.142733+00,2026-04-07 23:35:35.142733+00
1030,1,1357,2026-04-07 23:36:13.403195+00,2026-04-07 23:36:13.403195+00
1030,2,1358,2026-04-07 23:36:13.403195+00,2026-04-07 23:36:13.403195+00
1031,1,1359,2026-04-07 23:45:17.553654+00,2026-04-07 23:45:17.553654+00
1031,2,1360,2026-04-07 23:45:17.553654+00,2026-04-07 23:45:17.553654+00
1032,1,1361,2026-04-07 23:48:00.414185+00,2026-04-07 23:48:00.414185+00
1032,2,1362,2026-04-07 23:48:00.414185+00,2026-04-07 23:48:00.414185+00
1033,1,1363,2026-04-08 00:08:37.29527+00,2026-04-08 00:08:37.29527+00
1033,2,1364,2026-04-08 00:08:37.29527+00,2026-04-08 00:08:37.29527+00
1034,1,1365,2026-04-08 00:09:05.608799+00,2026-04-08 00:09:05.608799+00
1034,2,1366,2026-04-08 00:09:05.608799+00,2026-04-08 00:09:05.608799+00
1035,1,1367,2026-04-08 00:12:47.254899+00,2026-04-08 00:12:47.254899+00
1035,2,1368,2026-04-08 00:12:47.254899+00,2026-04-08 00:12:47.254899+00
1036,1,1369,2026-04-08 00:14:50.845775+00,2026-04-08 00:14:50.845775+00
1036,2,1370,2026-04-08 00:14:50.845775+00,2026-04-08 00:14:50.845775+00
1037,1,1371,2026-04-08 00:29:42.869176+00,2026-04-08 00:29:42.869176+00
1037,2,1372,2026-04-08 00:29:42.869176+00,2026-04-08 00:29:42.869176+00
1038,1,1373,2026-04-08 00:33:17.537857+00,2026-04-08 00:33:17.537857+00
1038,2,1374,2026-04-08 00:33:17.537857+00,2026-04-08 00:33:17.537857+00
1039,1,1375,2026-04-08 01:10:38.296852+00,2026-04-08 01:10:38.296852+00
1039,2,1376,2026-04-08 01:10:38.296852+00,2026-04-08 01:10:38.296852+00
1040,1,1377,2026-04-08 01:15:04.388167+00,2026-04-08 01:15:04.388167+00
1040,2,1378,2026-04-08 01:15:04.388167+00,2026-04-08 01:15:04.388167+00
1041,1,1379,2026-04-08 01:23:00.666157+00,2026-04-08 01:23:00.666157+00
1041,2,1380,2026-04-08 01:23:00.666157+00,2026-04-08 01:23:00.666157+00
1042,1,1381,2026-04-08 01:24:06.103035+00,2026-04-08 01:24:06.103035+00
1042,2,1382,2026-04-08 01:24:06.103035+00,2026-04-08 01:24:06.103035+00
1043,1,1383,2026-04-08 01:27:42.170966+00,2026-04-08 01:27:42.170966+00
1043,2,1384,2026-04-08 01:27:42.170966+00,2026-04-08 01:27:42.170966+00
1044,1,1385,2026-04-08 01:29:32.524342+00,2026-04-08 01:29:32.524342+00
1044,2,1386,2026-04-08 01:29:32.524342+00,2026-04-08 01:29:32.524342+00
1045,1,1387,2026-04-08 01:31:04.599214+00,2026-04-08 01:31:04.599214+00
1045,2,1388,2026-04-08 01:31:04.599214+00,2026-04-08 01:31:04.599214+00
1046,1,1389,2026-04-08 01:42:19.39787+00,2026-04-08 01:42:19.39787+00
1046,2,1390,2026-04-08 01:42:19.39787+00,2026-04-08 01:42:19.39787+00
1047,1,1391,2026-04-08 01:52:49.931933+00,2026-04-08 01:52:49.931933+00
1047,2,1392,2026-04-08 01:52:49.931933+00,2026-04-08 01:52:49.931933+00
1048,1,1393,2026-04-08 02:07:17.191248+00,2026-04-08 02:07:17.191248+00
1048,2,1394,2026-04-08 02:07:17.191248+00,2026-04-08 02:07:17.191248+00
1049,1,1395,2026-04-08 02:09:00.81496+00,2026-04-08 02:09:00.81496+00
1049,2,1396,2026-04-08 02:09:00.81496+00,2026-04-08 02:09:00.81496+00
1050,1,1397,2026-04-08 02:15:03.179055+00,2026-04-08 02:15:03.179055+00
1050,2,1398,2026-04-08 02:15:03.179055+00,2026-04-08 02:15:03.179055+00
1051,1,1399,2026-04-08 02:18:54.569852+00,2026-04-08 02:18:54.569852+00
1051,2,1400,2026-04-08 02:18:54.569852+00,2026-04-08 02:18:54.569852+00
1052,1,1401,2026-04-08 02:20:42.989946+00,2026-04-08 02:20:42.989946+00
1052,2,1402,2026-04-08 02:20:42.989946+00,2026-04-08 02:20:42.989946+00
1053,1,1403,2026-04-08 02:23:49.447991+00,2026-04-08 02:23:49.447991+00
1053,2,1404,2026-04-08 02:23:49.447991+00,2026-04-08 02:23:49.447991+00
894,1,1405,2026-04-09 18:09:11.141595+00,2026-04-09 18:09:11.141595+00
894,2,1406,2026-04-09 18:09:11.141595+00,2026-04-09 18:09:11.141595+00
1078,1,1407,2026-04-09 20:35:57.283003+00,2026-04-09 20:35:57.283003+00
1078,2,1408,2026-04-09 20:35:57.283003+00,2026-04-09 20:35:57.283003+00
27,1,1409,2026-04-11 14:35:19.099641+00,2026-04-11 14:35:19.099641+00
27,2,1410,2026-04-11 14:35:19.099641+00,2026-04-11 14:35:19.099641+00
1126,1,1411,2026-04-12 20:37:54.063731+00,2026-04-12 20:37:54.063731+00
1149,1,1412,2026-06-24 16:05:11.52483+00,2026-06-24 16:05:11.52483+00
1149,2,1413,2026-06-24 16:05:11.52483+00,2026-06-24 16:05:11.52483+00
1150,1,1414,2026-06-24 16:05:23.737366+00,2026-06-24 16:05:23.737366+00
1150,2,1415,2026-06-24 16:05:23.737366+00,2026-06-24 16:05:23.737366+00
1151,1,1416,2026-06-24 16:05:38.087089+00,2026-06-24 16:05:38.087089+00
1151,2,1417,2026-06-24 16:05:38.087089+00,2026-06-24 16:05:38.087089+00
1152,1,1419,2026-06-24 16:05:51.705488+00,2026-06-24 16:05:51.705488+00
1152,2,1420,2026-06-24 16:05:51.705488+00,2026-06-24 16:05:51.705488+00
1153,1,1421,2026-06-24 16:06:01.532369+00,2026-06-24 16:06:01.532369+00
1153,2,1422,2026-06-24 16:06:01.532369+00,2026-06-24 16:06:01.532369+00
1154,1,1423,2026-06-24 16:06:12.867258+00,2026-06-24 16:06:12.867258+00
1154,2,1424,2026-06-24 16:06:12.867258+00,2026-06-24 16:06:12.867258+00
1155,1,1425,2026-06-24 16:06:23.875883+00,2026-06-24 16:06:23.875883+00
1155,2,1426,2026-06-24 16:06:23.875883+00,2026-06-24 16:06:23.875883+00
1157,1,1429,2026-06-24 16:06:43.961805+00,2026-06-24 16:06:43.961805+00
1157,2,1430,2026-06-24 16:06:43.961805+00,2026-06-24 16:06:43.961805+00
1158,1,1431,2026-06-24 16:06:52.318026+00,2026-06-24 16:06:52.318026+00
1158,2,1432,2026-06-24 16:06:52.318026+00,2026-06-24 16:06:52.318026+00
1159,1,1433,2026-06-24 16:07:05.237461+00,2026-06-24 16:07:05.237461+00
1159,2,1434,2026-06-24 16:07:05.237461+00,2026-06-24 16:07:05.237461+00
1160,1,1435,2026-06-24 16:07:17.525862+00,2026-06-24 16:07:17.525862+00
1160,2,1436,2026-06-24 16:07:17.525862+00,2026-06-24 16:07:17.525862+00
1161,1,1437,2026-06-24 16:07:28.147438+00,2026-06-24 16:07:28.147438+00
1161,2,1438,2026-06-24 16:07:28.147438+00,2026-06-24 16:07:28.147438+00
1162,1,1439,2026-06-24 16:07:38.020105+00,2026-06-24 16:07:38.020105+00
1162,2,1440,2026-06-24 16:07:38.020105+00,2026-06-24 16:07:38.020105+00
1163,1,1441,2026-06-24 16:07:47.413456+00,2026-06-24 16:07:47.413456+00
1163,2,1442,2026-06-24 16:07:47.413456+00,2026-06-24 16:07:47.413456+00
1164,1,1443,2026-06-24 16:07:56.928315+00,2026-06-24 16:07:56.928315+00
1164,2,1444,2026-06-24 16:07:56.928315+00,2026-06-24 16:07:56.928315+00
1165,1,1445,2026-06-24 16:08:06.574385+00,2026-06-24 16:08:06.574385+00
1165,2,1446,2026-06-24 16:08:06.574385+00,2026-06-24 16:08:06.574385+00
1166,1,1447,2026-06-24 16:08:16.880594+00,2026-06-24 16:08:16.880594+00
1166,2,1448,2026-06-24 16:08:16.880594+00,2026-06-24 16:08:16.880594+00
1167,1,1449,2026-06-24 16:08:25.97843+00,2026-06-24 16:08:25.97843+00
1167,2,1450,2026-06-24 16:08:25.97843+00,2026-06-24 16:08:25.97843+00
1156,1,1451,2026-06-24 16:08:45.89271+00,2026-06-24 16:08:45.89271+00
1156,2,1452,2026-06-24 16:08:45.89271+00,2026-06-24 16:08:45.89271+00
