id,team_id,previous_team_id,from_year,to_year,notes,created_at,updated_at
1,2,,1950,,,2026-02-10 22:58:50.88428+00,2026-02-10 22:58:50.88428+00
2,3,,1950,,,2026-02-10 22:58:50.88428+00,2026-02-10 22:58:50.88428+00
3,4,,1950,,,2026-02-10 22:58:50.88428+00,2026-02-10 22:58:50.88428+00
4,5,,1950,,,2026-02-10 22:58:50.88428+00,2026-02-10 22:58:50.88428+00
5,6,,1950,,,2026-02-10 22:58:50.88428+00,2026-02-10 22:58:50.88428+00
6,7,,1950,,,2026-02-10 22:58:50.88428+00,2026-02-10 22:58:50.88428+00
7,8,,1950,,,2026-02-10 22:58:50.88428+00,2026-02-10 22:58:50.88428+00
8,9,,1950,,,2026-02-10 22:58:50.88428+00,2026-02-10 22:58:50.88428+00
9,10,,1950,,,2026-02-10 22:58:50.88428+00,2026-02-10 22:58:50.88428+00
10,11,,1950,,,2026-02-10 22:58:50.88428+00,2026-02-10 22:58:50.88428+00
11,12,,1950,,,2026-02-10 22:58:50.88428+00,2026-02-10 22:58:50.88428+00
12,13,,1950,,,2026-02-10 22:58:50.88428+00,2026-02-10 22:58:50.88428+00
13,14,,1950,,,2026-02-10 22:58:50.88428+00,2026-02-10 22:58:50.88428+00
14,15,,1950,,,2026-02-10 22:58:50.88428+00,2026-02-10 22:58:50.88428+00
15,16,,1950,,,2026-02-10 22:58:50.88428+00,2026-02-10 22:58:50.88428+00
16,17,,1950,,,2026-02-10 22:58:50.88428+00,2026-02-10 22:58:50.88428+00
17,18,,1950,,,2026-02-10 22:58:50.88428+00,2026-02-10 22:58:50.88428+00
18,19,,1950,,,2026-02-10 22:58:50.88428+00,2026-02-10 22:58:50.88428+00
19,20,,1950,,,2026-02-10 22:58:50.88428+00,2026-02-10 22:58:50.88428+00
20,21,,1950,,,2026-02-10 22:58:50.88428+00,2026-02-10 22:58:50.88428+00
21,22,,1950,,,2026-02-10 22:58:50.88428+00,2026-02-10 22:58:50.88428+00
22,23,,1950,,,2026-02-10 22:58:50.88428+00,2026-02-10 22:58:50.88428+00
23,24,,1950,,,2026-02-10 22:58:50.88428+00,2026-02-10 22:58:50.88428+00
24,25,,1950,,,2026-02-10 22:58:50.88428+00,2026-02-10 22:58:50.88428+00
25,26,,1950,,,2026-02-10 22:58:50.88428+00,2026-02-10 22:58:50.88428+00
26,27,,1950,,,2026-02-10 22:58:50.88428+00,2026-02-10 22:58:50.88428+00
27,28,,1950,,,2026-02-10 22:58:50.88428+00,2026-02-10 22:58:50.88428+00
28,29,,1950,,,2026-02-10 22:58:50.88428+00,2026-02-10 22:58:50.88428+00
29,30,,1950,,,2026-02-10 22:58:50.88428+00,2026-02-10 22:58:50.88428+00
30,31,,1950,,,2026-02-10 22:58:50.88428+00,2026-02-10 22:58:50.88428+00
31,32,,1950,,,2026-02-10 22:58:50.88428+00,2026-02-10 22:58:50.88428+00
32,33,,1950,,,2026-02-10 22:58:50.88428+00,2026-02-10 22:58:50.88428+00
33,34,,1950,,,2026-02-10 22:58:50.88428+00,2026-02-10 22:58:50.88428+00
34,35,,1950,,,2026-02-10 22:58:50.88428+00,2026-02-10 22:58:50.88428+00
35,36,,1950,,,2026-02-10 22:58:50.88428+00,2026-02-10 22:58:50.88428+00
36,37,,1950,,,2026-02-10 22:58:50.88428+00,2026-02-10 22:58:50.88428+00
37,38,,1950,,,2026-02-10 22:58:50.88428+00,2026-02-10 22:58:50.88428+00
38,39,,1950,,,2026-02-10 22:58:50.88428+00,2026-02-10 22:58:50.88428+00
39,40,,1950,,,2026-02-10 22:58:50.88428+00,2026-02-10 22:58:50.88428+00
40,41,,1950,,,2026-02-10 22:58:50.88428+00,2026-02-10 22:58:50.88428+00
41,42,,1950,,,2026-02-10 22:58:50.88428+00,2026-02-10 22:58:50.88428+00
42,43,,1950,,,2026-02-10 22:58:50.88428+00,2026-02-10 22:58:50.88428+00
43,44,,1950,,,2026-02-10 22:58:50.88428+00,2026-02-10 22:58:50.88428+00
44,45,,1950,,,2026-02-10 22:58:50.88428+00,2026-02-10 22:58:50.88428+00
45,46,,1950,,,2026-02-10 22:58:50.88428+00,2026-02-10 22:58:50.88428+00
46,47,,1950,,,2026-02-10 22:58:50.88428+00,2026-02-10 22:58:50.88428+00
47,48,,1950,,,2026-02-10 22:58:50.88428+00,2026-02-10 22:58:50.88428+00
48,49,,1950,,,2026-02-10 22:58:50.88428+00,2026-02-10 22:58:50.88428+00
49,50,,1950,,,2026-02-10 22:58:50.88428+00,2026-02-10 22:58:50.88428+00
50,51,,1950,,,2026-02-10 22:58:50.88428+00,2026-02-10 22:58:50.88428+00
51,52,,1950,,,2026-02-10 22:58:50.88428+00,2026-02-10 22:58:50.88428+00
52,55,,1950,,,2026-02-10 22:58:50.88428+00,2026-02-10 22:58:50.88428+00
53,56,,1950,,,2026-02-10 22:58:50.88428+00,2026-02-10 22:58:50.88428+00
54,57,,1950,,,2026-02-10 22:58:50.88428+00,2026-02-10 22:58:50.88428+00
55,58,,1950,,,2026-02-10 22:58:50.88428+00,2026-02-10 22:58:50.88428+00
56,69,,,,,2026-02-10 22:58:50.88428+00,2026-02-10 22:58:50.88428+00
57,70,,,,,2026-02-10 22:58:50.88428+00,2026-02-10 22:58:50.88428+00
58,72,,,,,2026-02-10 22:58:50.88428+00,2026-02-10 22:58:50.88428+00
59,74,,,,,2026-02-10 22:58:50.88428+00,2026-02-10 22:58:50.88428+00
60,75,,,,,2026-02-10 22:58:50.88428+00,2026-02-10 22:58:50.88428+00
61,76,,,,,2026-02-10 22:58:50.88428+00,2026-02-10 22:58:50.88428+00
62,77,,,,,2026-02-10 22:58:50.88428+00,2026-02-10 22:58:50.88428+00
63,78,,,,,2026-02-10 22:58:50.88428+00,2026-02-10 22:58:50.88428+00
64,79,,,,,2026-02-10 22:58:50.88428+00,2026-02-10 22:58:50.88428+00
65,80,,,,,2026-02-10 22:58:50.88428+00,2026-02-10 22:58:50.88428+00
66,82,,,,,2026-02-10 22:58:50.88428+00,2026-02-10 22:58:50.88428+00
67,83,,,,,2026-02-10 22:58:50.88428+00,2026-02-10 22:58:50.88428+00
68,84,,,,,2026-02-10 22:58:50.88428+00,2026-02-10 22:58:50.88428+00
69,85,,,,,2026-02-10 22:58:50.88428+00,2026-02-10 22:58:50.88428+00
70,86,,,,,2026-02-10 22:58:50.88428+00,2026-02-10 22:58:50.88428+00
71,66,,2006,2008,,2026-02-10 22:58:50.88428+00,2026-02-10 22:58:50.88428+00
73,67,,2005,,,2026-02-10 22:58:50.88428+00,2026-02-10 22:58:50.88428+00
74,53,,1950,,,2026-02-10 22:58:50.88428+00,2026-02-10 22:58:50.88428+00
75,71,,2006,2006,,2026-02-10 22:58:50.88428+00,2026-02-10 22:58:50.88428+00
76,59,,,,,2026-02-10 22:58:50.88428+00,2026-02-10 22:58:50.88428+00
77,87,,,,,2026-02-10 22:58:50.88428+00,2026-02-10 22:58:50.88428+00
78,88,,,,,2026-02-10 22:58:50.88428+00,2026-02-10 22:58:50.88428+00
79,89,,,,,2026-02-10 22:58:50.88428+00,2026-02-10 22:58:50.88428+00
80,90,,,,,2026-02-10 22:58:50.88428+00,2026-02-10 22:58:50.88428+00
81,91,,,,,2026-02-10 22:58:50.88428+00,2026-02-10 22:58:50.88428+00
82,92,,,,,2026-02-10 22:58:50.88428+00,2026-02-10 22:58:50.88428+00
83,93,,,,,2026-02-10 22:58:50.88428+00,2026-02-10 22:58:50.88428+00
84,94,,,,,2026-02-10 22:58:50.88428+00,2026-02-10 22:58:50.88428+00
85,95,,,,,2026-02-10 22:58:50.88428+00,2026-02-10 22:58:50.88428+00
86,96,,,,,2026-02-10 22:58:50.88428+00,2026-02-10 22:58:50.88428+00
87,97,,,,,2026-02-10 22:58:50.88428+00,2026-02-10 22:58:50.88428+00
88,98,,,,,2026-02-10 22:58:50.88428+00,2026-02-10 22:58:50.88428+00
89,99,,,,,2026-02-10 22:58:50.88428+00,2026-02-10 22:58:50.88428+00
90,100,,,,,2026-02-10 22:58:50.88428+00,2026-02-10 22:58:50.88428+00
91,101,,,,,2026-02-10 22:58:50.88428+00,2026-02-10 22:58:50.88428+00
92,102,,,,,2026-02-10 22:58:50.88428+00,2026-02-10 22:58:50.88428+00
93,103,,,,,2026-02-10 22:58:50.88428+00,2026-02-10 22:58:50.88428+00
94,104,,,,,2026-02-10 22:58:50.88428+00,2026-02-10 22:58:50.88428+00
95,105,,,,,2026-02-10 22:58:50.88428+00,2026-02-10 22:58:50.88428+00
96,106,,,,,2026-02-10 22:58:50.88428+00,2026-02-10 22:58:50.88428+00
97,107,,,,,2026-02-10 22:58:50.88428+00,2026-02-10 22:58:50.88428+00
98,109,,,,,2026-02-10 22:58:50.88428+00,2026-02-10 22:58:50.88428+00
99,110,,,,,2026-02-10 22:58:50.88428+00,2026-02-10 22:58:50.88428+00
100,111,,,,,2026-02-10 22:58:50.88428+00,2026-02-10 22:58:50.88428+00
101,112,,,,,2026-02-10 22:58:50.88428+00,2026-02-10 22:58:50.88428+00
102,113,,,,,2026-02-10 22:58:50.88428+00,2026-02-10 22:58:50.88428+00
103,114,,,,,2026-02-10 22:58:50.88428+00,2026-02-10 22:58:50.88428+00
104,116,,,,,2026-02-10 22:58:50.88428+00,2026-02-10 22:58:50.88428+00
105,117,,,,,2026-02-10 22:58:50.88428+00,2026-02-10 22:58:50.88428+00
106,118,,,,,2026-02-10 22:58:50.88428+00,2026-02-10 22:58:50.88428+00
107,119,,,,,2026-02-10 22:58:50.88428+00,2026-02-10 22:58:50.88428+00
108,120,,,,,2026-02-10 22:58:50.88428+00,2026-02-10 22:58:50.88428+00
109,121,,,,,2026-02-10 22:58:50.88428+00,2026-02-10 22:58:50.88428+00
110,122,,,,,2026-02-10 22:58:50.88428+00,2026-02-10 22:58:50.88428+00
111,123,,,,,2026-02-10 22:58:50.88428+00,2026-02-10 22:58:50.88428+00
112,124,,,,,2026-02-10 22:58:50.88428+00,2026-02-10 22:58:50.88428+00
113,125,,,,,2026-02-10 22:58:50.88428+00,2026-02-10 22:58:50.88428+00
114,126,,,,,2026-02-10 22:58:50.88428+00,2026-02-10 22:58:50.88428+00
115,127,,,,,2026-02-10 22:58:50.88428+00,2026-02-10 22:58:50.88428+00
116,128,,,,,2026-02-10 22:58:50.88428+00,2026-02-10 22:58:50.88428+00
117,129,,,,,2026-02-10 22:58:50.88428+00,2026-02-10 22:58:50.88428+00
118,130,,,,,2026-02-10 22:58:50.88428+00,2026-02-10 22:58:50.88428+00
119,131,,,,,2026-02-10 22:58:50.88428+00,2026-02-10 22:58:50.88428+00
120,132,,,,,2026-02-10 22:58:50.88428+00,2026-02-10 22:58:50.88428+00
121,133,,,,,2026-02-10 22:58:50.88428+00,2026-02-10 22:58:50.88428+00
122,134,,,,,2026-02-10 22:58:50.88428+00,2026-02-10 22:58:50.88428+00
123,135,,,,,2026-02-10 22:58:50.88428+00,2026-02-10 22:58:50.88428+00
124,136,,,,,2026-02-10 22:58:50.88428+00,2026-02-10 22:58:50.88428+00
125,137,,,,,2026-02-10 22:58:50.88428+00,2026-02-10 22:58:50.88428+00
126,138,,,,,2026-02-10 22:58:50.88428+00,2026-02-10 22:58:50.88428+00
127,139,,,,,2026-02-10 22:58:50.88428+00,2026-02-10 22:58:50.88428+00
128,140,,,,,2026-02-10 22:58:50.88428+00,2026-02-10 22:58:50.88428+00
129,141,,,,,2026-02-10 22:58:50.88428+00,2026-02-10 22:58:50.88428+00
130,142,,,,,2026-02-10 22:58:50.88428+00,2026-02-10 22:58:50.88428+00
131,143,,,,,2026-02-10 22:58:50.88428+00,2026-02-10 22:58:50.88428+00
132,145,,,,,2026-02-10 22:58:50.88428+00,2026-02-10 22:58:50.88428+00
133,146,,,,,2026-02-10 22:58:50.88428+00,2026-02-10 22:58:50.88428+00
134,147,,,,,2026-02-10 22:58:50.88428+00,2026-02-10 22:58:50.88428+00
135,148,,,,,2026-02-10 22:58:50.88428+00,2026-02-10 22:58:50.88428+00
136,149,,,,,2026-02-10 22:58:50.88428+00,2026-02-10 22:58:50.88428+00
137,150,,,,,2026-02-10 22:58:50.88428+00,2026-02-10 22:58:50.88428+00
138,151,,,,,2026-02-10 22:58:50.88428+00,2026-02-10 22:58:50.88428+00
139,152,,,,,2026-02-10 22:58:50.88428+00,2026-02-10 22:58:50.88428+00
140,153,,,,,2026-02-10 22:58:50.88428+00,2026-02-10 22:58:50.88428+00
141,154,,,,,2026-02-10 22:58:50.88428+00,2026-02-10 22:58:50.88428+00
142,155,,,,,2026-02-10 22:58:50.88428+00,2026-02-10 22:58:50.88428+00
143,156,,,,,2026-02-10 22:58:50.88428+00,2026-02-10 22:58:50.88428+00
144,157,,,,,2026-02-10 22:58:50.88428+00,2026-02-10 22:58:50.88428+00
145,158,,,,,2026-02-10 22:58:50.88428+00,2026-02-10 22:58:50.88428+00
146,159,,,,,2026-02-10 22:58:50.88428+00,2026-02-10 22:58:50.88428+00
147,160,,,,,2026-02-10 22:58:50.88428+00,2026-02-10 22:58:50.88428+00
148,161,,,,,2026-02-10 22:58:50.88428+00,2026-02-10 22:58:50.88428+00
149,163,,,,,2026-02-10 22:58:50.88428+00,2026-02-10 22:58:50.88428+00
150,162,,,,,2026-02-10 22:58:50.88428+00,2026-02-10 22:58:50.88428+00
151,115,,,,,2026-02-10 22:58:50.88428+00,2026-02-10 22:58:50.88428+00
152,165,,,,,2026-02-10 22:58:50.88428+00,2026-02-10 22:58:50.88428+00
153,166,,,,,2026-02-10 22:58:50.88428+00,2026-02-10 22:58:50.88428+00
154,168,,,,,2026-02-10 22:58:50.88428+00,2026-02-10 22:58:50.88428+00
155,169,,,,,2026-02-10 22:58:50.88428+00,2026-02-10 22:58:50.88428+00
156,171,,,,,2026-02-10 22:58:50.88428+00,2026-02-10 22:58:50.88428+00
157,172,,,,,2026-02-10 22:58:50.88428+00,2026-02-10 22:58:50.88428+00
158,175,,,,,2026-02-10 22:58:50.88428+00,2026-02-10 22:58:50.88428+00
159,177,,,,,2026-02-10 22:58:50.88428+00,2026-02-10 22:58:50.88428+00
160,178,,,,,2026-02-10 22:58:50.88428+00,2026-02-10 22:58:50.88428+00
161,179,,,,,2026-02-10 22:58:50.88428+00,2026-02-10 22:58:50.88428+00
162,180,,,,,2026-02-10 22:58:50.88428+00,2026-02-10 22:58:50.88428+00
163,181,,,,,2026-02-10 22:58:50.88428+00,2026-02-10 22:58:50.88428+00
164,182,,,,,2026-02-10 22:58:50.88428+00,2026-02-10 22:58:50.88428+00
165,184,,,,,2026-02-10 22:58:50.88428+00,2026-02-10 22:58:50.88428+00
166,185,,,,,2026-02-10 22:58:50.88428+00,2026-02-10 22:58:50.88428+00
167,187,,,,,2026-02-10 22:58:50.88428+00,2026-02-10 22:58:50.88428+00
168,189,,,,,2026-02-10 22:58:50.88428+00,2026-02-10 22:58:50.88428+00
169,190,,,,,2026-02-10 22:58:50.88428+00,2026-02-10 22:58:50.88428+00
170,191,,,,,2026-02-10 22:58:50.88428+00,2026-02-10 22:58:50.88428+00
171,192,,,,,2026-02-10 22:58:50.88428+00,2026-02-10 22:58:50.88428+00
172,193,,,,,2026-02-10 22:58:50.88428+00,2026-02-10 22:58:50.88428+00
173,194,,,,,2026-02-10 22:58:50.88428+00,2026-02-10 22:58:50.88428+00
174,196,,,,,2026-02-10 22:58:50.88428+00,2026-02-10 22:58:50.88428+00
175,197,,,,,2026-02-10 22:58:50.88428+00,2026-02-10 22:58:50.88428+00
176,198,,,,,2026-02-10 22:58:50.88428+00,2026-02-10 22:58:50.88428+00
177,199,,,,,2026-02-10 22:58:50.88428+00,2026-02-10 22:58:50.88428+00
178,200,,,,,2026-02-10 22:58:50.88428+00,2026-02-10 22:58:50.88428+00
179,201,,,,,2026-02-10 22:58:50.88428+00,2026-02-10 22:58:50.88428+00
180,202,,,,,2026-02-10 22:58:50.88428+00,2026-02-10 22:58:50.88428+00
181,203,,,,,2026-02-10 22:58:50.88428+00,2026-02-10 22:58:50.88428+00
182,204,,,,,2026-02-10 22:58:50.88428+00,2026-02-10 22:58:50.88428+00
183,205,,,,,2026-02-10 22:58:50.88428+00,2026-02-10 22:58:50.88428+00
184,206,,,,,2026-02-10 22:58:50.88428+00,2026-02-10 22:58:50.88428+00
185,209,,,,,2026-02-10 22:58:50.88428+00,2026-02-10 22:58:50.88428+00
186,210,,,,,2026-02-10 22:58:50.88428+00,2026-02-10 22:58:50.88428+00
187,212,,,,,2026-02-10 22:58:50.88428+00,2026-02-10 22:58:50.88428+00
188,220,,,,,2026-02-10 22:58:50.88428+00,2026-02-10 22:58:50.88428+00
189,222,,,,,2026-02-10 22:58:50.88428+00,2026-02-10 22:58:50.88428+00
190,224,,,,,2026-02-10 22:58:50.88428+00,2026-02-10 22:58:50.88428+00
191,225,,,,,2026-02-10 22:58:50.88428+00,2026-02-10 22:58:50.88428+00
192,226,,,,,2026-02-10 22:58:50.88428+00,2026-02-10 22:58:50.88428+00
193,227,,,,,2026-02-10 22:58:50.88428+00,2026-02-10 22:58:50.88428+00
194,228,,,,,2026-02-10 22:58:50.88428+00,2026-02-10 22:58:50.88428+00
195,229,,,,,2026-02-10 22:58:50.88428+00,2026-02-10 22:58:50.88428+00
196,230,,,,,2026-02-10 22:58:50.88428+00,2026-02-10 22:58:50.88428+00
197,231,,,,,2026-02-10 22:58:50.88428+00,2026-02-10 22:58:50.88428+00
198,232,,,,,2026-02-10 22:58:50.88428+00,2026-02-10 22:58:50.88428+00
199,233,,,,,2026-02-10 22:58:50.88428+00,2026-02-10 22:58:50.88428+00
200,234,,,,,2026-02-10 22:58:50.88428+00,2026-02-10 22:58:50.88428+00
201,235,,,,,2026-02-10 22:58:50.88428+00,2026-02-10 22:58:50.88428+00
202,236,,,,,2026-02-10 22:58:50.88428+00,2026-02-10 22:58:50.88428+00
203,237,,,,,2026-02-10 22:58:50.88428+00,2026-02-10 22:58:50.88428+00
204,238,,,,,2026-02-10 22:58:50.88428+00,2026-02-10 22:58:50.88428+00
205,239,,,,,2026-02-10 22:58:50.88428+00,2026-02-10 22:58:50.88428+00
206,240,,,,,2026-02-10 22:58:50.88428+00,2026-02-10 22:58:50.88428+00
207,241,,,,,2026-02-10 22:58:50.88428+00,2026-02-10 22:58:50.88428+00
208,242,,,,,2026-02-10 22:58:50.88428+00,2026-02-10 22:58:50.88428+00
209,243,,,,,2026-02-10 22:58:50.88428+00,2026-02-10 22:58:50.88428+00
210,244,,,,,2026-02-10 22:58:50.88428+00,2026-02-10 22:58:50.88428+00
211,245,,,,,2026-02-10 22:58:50.88428+00,2026-02-10 22:58:50.88428+00
212,246,,,,,2026-02-10 22:58:50.88428+00,2026-02-10 22:58:50.88428+00
213,247,,,,,2026-02-10 22:58:50.88428+00,2026-02-10 22:58:50.88428+00
214,248,,,,,2026-02-10 22:58:50.88428+00,2026-02-10 22:58:50.88428+00
215,249,,,,,2026-02-10 22:58:50.88428+00,2026-02-10 22:58:50.88428+00
216,250,,,,,2026-02-10 22:58:50.88428+00,2026-02-10 22:58:50.88428+00
217,251,,,,,2026-02-10 22:58:50.88428+00,2026-02-10 22:58:50.88428+00
218,252,,,,,2026-02-10 22:58:50.88428+00,2026-02-10 22:58:50.88428+00
219,253,,,,,2026-02-10 22:58:50.88428+00,2026-02-10 22:58:50.88428+00
220,254,,,,,2026-02-10 22:58:50.88428+00,2026-02-10 22:58:50.88428+00
221,255,,,,,2026-02-10 22:58:50.88428+00,2026-02-10 22:58:50.88428+00
222,256,,,,,2026-02-10 22:58:50.88428+00,2026-02-10 22:58:50.88428+00
223,257,,,,,2026-02-10 22:58:50.88428+00,2026-02-10 22:58:50.88428+00
224,258,,,,,2026-02-10 22:58:50.88428+00,2026-02-10 22:58:50.88428+00
225,259,,,,,2026-02-10 22:58:50.88428+00,2026-02-10 22:58:50.88428+00
226,260,,,,,2026-02-10 22:58:50.88428+00,2026-02-10 22:58:50.88428+00
227,271,,1949,1951,,2026-02-10 22:58:50.88428+00,2026-02-10 22:58:50.88428+00
228,272,,1951,1951,,2026-02-10 22:58:50.88428+00,2026-02-10 22:58:50.88428+00
229,273,,1950,1960,,2026-02-10 22:58:50.88428+00,2026-02-10 22:58:50.88428+00
230,274,,,,,2026-02-10 22:58:50.88428+00,2026-02-10 22:58:50.88428+00
231,275,,1951,,,2026-02-10 22:58:50.88428+00,2026-02-10 22:58:50.88428+00
232,276,,1951,,,2026-02-10 22:58:50.88428+00,2026-02-10 22:58:50.88428+00
233,277,,1951,,,2026-02-10 22:58:50.88428+00,2026-02-10 22:58:50.88428+00
234,278,,1951,,,2026-02-10 22:58:50.88428+00,2026-02-10 22:58:50.88428+00
235,279,,1951,,,2026-02-10 22:58:50.88428+00,2026-02-10 22:58:50.88428+00
236,280,,1951,,,2026-02-10 22:58:50.88428+00,2026-02-10 22:58:50.88428+00
237,281,,1951,,,2026-02-10 22:58:50.88428+00,2026-02-10 22:58:50.88428+00
238,174,,,,,2026-02-10 22:58:50.88428+00,2026-02-10 22:58:50.88428+00
239,285,,2025,,,2026-02-10 22:58:50.88428+00,2026-02-10 22:58:50.88428+00
240,268,,2020,,,2026-02-10 22:58:50.88428+00,2026-02-10 22:58:50.88428+00
242,270,,2024,,,2026-02-10 22:58:50.88428+00,2026-02-10 22:58:50.88428+00
243,267,,,,,2026-02-10 22:58:50.88428+00,2026-02-10 22:58:50.88428+00
244,265,,,,,2026-02-10 22:58:50.88428+00,2026-02-10 22:58:50.88428+00
245,264,,,,,2026-02-10 22:58:50.88428+00,2026-02-10 22:58:50.88428+00
246,262,,,,,2026-02-10 22:58:50.88428+00,2026-02-10 22:58:50.88428+00
247,263,,,,,2026-02-10 22:58:50.88428+00,2026-02-10 22:58:50.88428+00
248,261,,,,,2026-02-10 22:58:50.88428+00,2026-02-10 22:58:50.88428+00
249,290,,2024,,,2026-02-10 22:58:50.88428+00,2026-02-10 22:58:50.88428+00
252,321,,,,,2026-02-10 22:58:50.88428+00,2026-02-10 22:58:50.88428+00
253,322,,,,,2026-02-10 22:58:50.88428+00,2026-02-10 22:58:50.88428+00
254,324,,,,,2026-02-10 22:58:50.88428+00,2026-02-10 22:58:50.88428+00
255,325,,,,,2026-02-10 22:58:50.88428+00,2026-02-10 22:58:50.88428+00
256,326,,,,,2026-02-10 22:58:50.88428+00,2026-02-10 22:58:50.88428+00
257,327,,,,,2026-02-10 22:58:50.88428+00,2026-02-10 22:58:50.88428+00
258,328,,,,,2026-02-10 22:58:50.88428+00,2026-02-10 22:58:50.88428+00
259,329,,,,,2026-02-10 22:58:50.88428+00,2026-02-10 22:58:50.88428+00
260,330,,,,,2026-02-10 22:58:50.88428+00,2026-02-10 22:58:50.88428+00
261,331,,,,,2026-02-10 22:58:50.88428+00,2026-02-10 22:58:50.88428+00
251,61,1148,2020,2024,,2026-02-10 22:58:50.88428+00,2026-02-27 03:10:35.277799+00
250,286,1145,2020,2026,,2026-02-10 22:58:50.88428+00,2026-02-27 03:13:07.251024+00
262,332,,,,,2026-02-10 22:58:50.88428+00,2026-02-10 22:58:50.88428+00
263,333,,,,,2026-02-10 22:58:50.88428+00,2026-02-10 22:58:50.88428+00
264,334,,,,,2026-02-10 22:58:50.88428+00,2026-02-10 22:58:50.88428+00
265,335,,,,,2026-02-10 22:58:50.88428+00,2026-02-10 22:58:50.88428+00
266,336,,,,,2026-02-10 22:58:50.88428+00,2026-02-10 22:58:50.88428+00
267,337,,,,,2026-02-10 22:58:50.88428+00,2026-02-10 22:58:50.88428+00
268,338,,,,,2026-02-10 22:58:50.88428+00,2026-02-10 22:58:50.88428+00
269,339,,,,,2026-02-10 22:58:50.88428+00,2026-02-10 22:58:50.88428+00
270,340,,,,,2026-02-10 22:58:50.88428+00,2026-02-10 22:58:50.88428+00
271,341,,,,,2026-02-10 22:58:50.88428+00,2026-02-10 22:58:50.88428+00
272,342,,,,,2026-02-10 22:58:50.88428+00,2026-02-10 22:58:50.88428+00
273,343,,,,,2026-02-10 22:58:50.88428+00,2026-02-10 22:58:50.88428+00
274,344,,,,,2026-02-10 22:58:50.88428+00,2026-02-10 22:58:50.88428+00
275,345,,,,,2026-02-10 22:58:50.88428+00,2026-02-10 22:58:50.88428+00
276,346,,,,,2026-02-10 22:58:50.88428+00,2026-02-10 22:58:50.88428+00
277,347,,,,,2026-02-10 22:58:50.88428+00,2026-02-10 22:58:50.88428+00
278,348,,,,,2026-02-10 22:58:50.88428+00,2026-02-10 22:58:50.88428+00
279,349,,,,,2026-02-10 22:58:50.88428+00,2026-02-10 22:58:50.88428+00
280,350,,,,,2026-02-10 22:58:50.88428+00,2026-02-10 22:58:50.88428+00
281,351,,,,,2026-02-10 22:58:50.88428+00,2026-02-10 22:58:50.88428+00
282,352,,,,,2026-02-10 22:58:50.88428+00,2026-02-10 22:58:50.88428+00
283,353,,,,,2026-02-10 22:58:50.88428+00,2026-02-10 22:58:50.88428+00
284,354,,,,,2026-02-10 22:58:50.88428+00,2026-02-10 22:58:50.88428+00
285,355,,,,,2026-02-10 22:58:50.88428+00,2026-02-10 22:58:50.88428+00
286,356,,,,,2026-02-10 22:58:50.88428+00,2026-02-10 22:58:50.88428+00
287,357,,,,,2026-02-10 22:58:50.88428+00,2026-02-10 22:58:50.88428+00
288,358,,,,,2026-02-10 22:58:50.88428+00,2026-02-10 22:58:50.88428+00
289,359,,,,,2026-02-10 22:58:50.88428+00,2026-02-10 22:58:50.88428+00
290,361,,,,,2026-02-10 22:58:50.88428+00,2026-02-10 22:58:50.88428+00
291,362,,,,,2026-02-10 22:58:50.88428+00,2026-02-10 22:58:50.88428+00
292,364,,,,,2026-02-10 22:58:50.88428+00,2026-02-10 22:58:50.88428+00
293,365,,,,,2026-02-10 22:58:50.88428+00,2026-02-10 22:58:50.88428+00
294,366,,,,,2026-02-10 22:58:50.88428+00,2026-02-10 22:58:50.88428+00
295,367,,,,,2026-02-10 22:58:50.88428+00,2026-02-10 22:58:50.88428+00
296,368,,,,,2026-02-10 22:58:50.88428+00,2026-02-10 22:58:50.88428+00
297,369,,,,,2026-02-10 22:58:50.88428+00,2026-02-10 22:58:50.88428+00
298,370,,,,,2026-02-10 22:58:50.88428+00,2026-02-10 22:58:50.88428+00
299,371,,,,,2026-02-10 22:58:50.88428+00,2026-02-10 22:58:50.88428+00
300,372,,,,,2026-02-10 22:58:50.88428+00,2026-02-10 22:58:50.88428+00
301,373,,,,,2026-02-10 22:58:50.88428+00,2026-02-10 22:58:50.88428+00
302,374,,,,,2026-02-10 22:58:50.88428+00,2026-02-10 22:58:50.88428+00
303,375,,,,,2026-02-10 22:58:50.88428+00,2026-02-10 22:58:50.88428+00
304,376,,,,,2026-02-10 22:58:50.88428+00,2026-02-10 22:58:50.88428+00
305,377,,,,,2026-02-10 22:58:50.88428+00,2026-02-10 22:58:50.88428+00
306,378,,,,,2026-02-10 22:58:50.88428+00,2026-02-10 22:58:50.88428+00
307,379,,,,,2026-02-10 22:58:50.88428+00,2026-02-10 22:58:50.88428+00
308,380,,,,,2026-02-10 22:58:50.88428+00,2026-02-10 22:58:50.88428+00
309,381,,,,,2026-02-10 22:58:50.88428+00,2026-02-10 22:58:50.88428+00
310,382,,,,,2026-02-10 22:58:50.88428+00,2026-02-10 22:58:50.88428+00
311,383,,,,,2026-02-10 22:58:50.88428+00,2026-02-10 22:58:50.88428+00
312,384,,,,,2026-02-10 22:58:50.88428+00,2026-02-10 22:58:50.88428+00
313,385,,,,,2026-02-10 22:58:50.88428+00,2026-02-10 22:58:50.88428+00
314,386,,,,,2026-02-10 22:58:50.88428+00,2026-02-10 22:58:50.88428+00
315,387,,,,,2026-02-10 22:58:50.88428+00,2026-02-10 22:58:50.88428+00
316,388,,,,,2026-02-10 22:58:50.88428+00,2026-02-10 22:58:50.88428+00
317,389,,,,,2026-02-10 22:58:50.88428+00,2026-02-10 22:58:50.88428+00
318,390,,,,,2026-02-10 22:58:50.88428+00,2026-02-10 22:58:50.88428+00
319,391,,,,,2026-02-10 22:58:50.88428+00,2026-02-10 22:58:50.88428+00
320,392,,,,,2026-02-10 22:58:50.88428+00,2026-02-10 22:58:50.88428+00
321,393,,,,,2026-02-10 22:58:50.88428+00,2026-02-10 22:58:50.88428+00
322,394,,,,,2026-02-10 22:58:50.88428+00,2026-02-10 22:58:50.88428+00
323,395,,,,,2026-02-10 22:58:50.88428+00,2026-02-10 22:58:50.88428+00
324,396,,,,,2026-02-10 22:58:50.88428+00,2026-02-10 22:58:50.88428+00
325,397,,,,,2026-02-10 22:58:50.88428+00,2026-02-10 22:58:50.88428+00
326,398,,,,,2026-02-10 22:58:50.88428+00,2026-02-10 22:58:50.88428+00
327,399,,,,,2026-02-10 22:58:50.88428+00,2026-02-10 22:58:50.88428+00
328,400,,,,,2026-02-10 22:58:50.88428+00,2026-02-10 22:58:50.88428+00
329,401,,,,,2026-02-10 22:58:50.88428+00,2026-02-10 22:58:50.88428+00
330,402,,,,,2026-02-10 22:58:50.88428+00,2026-02-10 22:58:50.88428+00
331,403,,,,,2026-02-10 22:58:50.88428+00,2026-02-10 22:58:50.88428+00
332,404,,,,,2026-02-10 22:58:50.88428+00,2026-02-10 22:58:50.88428+00
333,405,,,,,2026-02-10 22:58:50.88428+00,2026-02-10 22:58:50.88428+00
334,406,,,,,2026-02-10 22:58:50.88428+00,2026-02-10 22:58:50.88428+00
335,407,,,,,2026-02-10 22:58:50.88428+00,2026-02-10 22:58:50.88428+00
336,408,,,,,2026-02-10 22:58:50.88428+00,2026-02-10 22:58:50.88428+00
337,409,,,,,2026-02-10 22:58:50.88428+00,2026-02-10 22:58:50.88428+00
338,410,,,,,2026-02-10 22:58:50.88428+00,2026-02-10 22:58:50.88428+00
339,411,,,,,2026-02-10 22:58:50.88428+00,2026-02-10 22:58:50.88428+00
340,412,,,,,2026-02-10 22:58:50.88428+00,2026-02-10 22:58:50.88428+00
341,413,,,,,2026-02-10 22:58:50.88428+00,2026-02-10 22:58:50.88428+00
342,415,,2016,,,2026-02-10 22:58:50.88428+00,2026-02-10 22:58:50.88428+00
343,416,,2016,,,2026-02-10 22:58:50.88428+00,2026-02-10 22:58:50.88428+00
344,418,,2016,,,2026-02-10 22:58:50.88428+00,2026-02-10 22:58:50.88428+00
345,419,,2016,,,2026-02-10 22:58:50.88428+00,2026-02-10 22:58:50.88428+00
346,420,,2016,,,2026-02-10 22:58:50.88428+00,2026-02-10 22:58:50.88428+00
347,422,,2015,,,2026-02-10 22:58:50.88428+00,2026-02-10 22:58:50.88428+00
349,424,,2015,,,2026-02-10 22:58:50.88428+00,2026-02-10 22:58:50.88428+00
350,425,,2015,,,2026-02-10 22:58:50.88428+00,2026-02-10 22:58:50.88428+00
351,426,,2015,,,2026-02-10 22:58:50.88428+00,2026-02-10 22:58:50.88428+00
352,428,,2010,,,2026-02-10 22:58:50.88428+00,2026-02-10 22:58:50.88428+00
353,429,,2010,,,2026-02-10 22:58:50.88428+00,2026-02-10 22:58:50.88428+00
354,430,,2010,,,2026-02-10 22:58:50.88428+00,2026-02-10 22:58:50.88428+00
356,433,,2010,,,2026-02-10 22:58:50.88428+00,2026-02-10 22:58:50.88428+00
357,434,,2010,,,2026-02-10 22:58:50.88428+00,2026-02-10 22:58:50.88428+00
358,435,,2010,,,2026-02-10 22:58:50.88428+00,2026-02-10 22:58:50.88428+00
359,436,,2011,,,2026-02-10 22:58:50.88428+00,2026-02-10 22:58:50.88428+00
360,437,,2011,,,2026-02-10 22:58:50.88428+00,2026-02-10 22:58:50.88428+00
361,438,,2011,,,2026-02-10 22:58:50.88428+00,2026-02-10 22:58:50.88428+00
362,439,,2012,,,2026-02-10 22:58:50.88428+00,2026-02-10 22:58:50.88428+00
363,440,,2012,,,2026-02-10 22:58:50.88428+00,2026-02-10 22:58:50.88428+00
364,320,,,,,2026-02-10 22:58:50.88428+00,2026-02-10 22:58:50.88428+00
365,414,,2016,2020,,2026-02-10 22:58:50.88428+00,2026-02-10 22:58:50.88428+00
366,442,,2014,,,2026-02-10 22:58:50.88428+00,2026-02-10 22:58:50.88428+00
368,446,,2021,,,2026-02-10 22:58:50.88428+00,2026-02-10 22:58:50.88428+00
369,447,,2021,,,2026-02-10 22:58:50.88428+00,2026-02-10 22:58:50.88428+00
372,456,,2009,,,2026-02-10 22:58:50.88428+00,2026-02-10 22:58:50.88428+00
373,457,,2009,,,2026-02-10 22:58:50.88428+00,2026-02-10 22:58:50.88428+00
374,458,,2009,,,2026-02-10 22:58:50.88428+00,2026-02-10 22:58:50.88428+00
375,170,,,,,2026-02-10 22:58:50.88428+00,2026-02-10 22:58:50.88428+00
376,211,,,,,2026-02-10 22:58:50.88428+00,2026-02-10 22:58:50.88428+00
377,213,,,,,2026-02-10 22:58:50.88428+00,2026-02-10 22:58:50.88428+00
378,207,,,,,2026-02-10 22:58:50.88428+00,2026-02-10 22:58:50.88428+00
379,167,,,,,2026-02-10 22:58:50.88428+00,2026-02-10 22:58:50.88428+00
380,176,,,,,2026-02-10 22:58:50.88428+00,2026-02-10 22:58:50.88428+00
381,208,,,,,2026-02-10 22:58:50.88428+00,2026-02-10 22:58:50.88428+00
382,164,,,,,2026-02-10 22:58:50.88428+00,2026-02-10 22:58:50.88428+00
383,219,,,,,2026-02-10 22:58:50.88428+00,2026-02-10 22:58:50.88428+00
384,183,,,,,2026-02-10 22:58:50.88428+00,2026-02-10 22:58:50.88428+00
385,144,,,,,2026-02-10 22:58:50.88428+00,2026-02-10 22:58:50.88428+00
386,186,,,,,2026-02-10 22:58:50.88428+00,2026-02-10 22:58:50.88428+00
387,216,,,,,2026-02-10 22:58:50.88428+00,2026-02-10 22:58:50.88428+00
388,173,,,,,2026-02-10 22:58:50.88428+00,2026-02-10 22:58:50.88428+00
389,195,,,,,2026-02-10 22:58:50.88428+00,2026-02-10 22:58:50.88428+00
390,217,,,,,2026-02-10 22:58:50.88428+00,2026-02-10 22:58:50.88428+00
391,218,,,,,2026-02-10 22:58:50.88428+00,2026-02-10 22:58:50.88428+00
392,215,,,,,2026-02-10 22:58:50.88428+00,2026-02-10 22:58:50.88428+00
367,445,,2021,2021,,2026-02-10 22:58:50.88428+00,2026-02-12 13:43:47.804746+00
370,448,54,2021,2021,,2026-02-10 22:58:50.88428+00,2026-02-25 15:48:31.971822+00
348,423,477,2012,2015,,2026-02-10 22:58:50.88428+00,2026-02-26 02:01:28.391099+00
355,431,456,2010,2011,,2026-02-10 22:58:50.88428+00,2026-02-27 03:17:46.517776+00
393,214,,,,,2026-02-10 22:58:50.88428+00,2026-02-10 22:58:50.88428+00
394,188,,,,,2026-02-10 22:58:50.88428+00,2026-02-10 22:58:50.88428+00
395,63,,2006,2019,,2026-02-10 22:58:50.88428+00,2026-02-10 22:58:50.88428+00
397,73,,,,,2026-02-10 22:58:50.88428+00,2026-02-10 22:58:50.88428+00
398,68,,,,,2026-02-10 22:58:50.88428+00,2026-02-10 22:58:50.88428+00
399,221,,,,,2026-02-10 22:58:50.88428+00,2026-02-10 22:58:50.88428+00
400,223,,,,,2026-02-10 22:58:50.88428+00,2026-02-10 22:58:50.88428+00
401,60,,2006,2009,,2026-02-10 22:58:50.88428+00,2026-02-10 22:58:50.88428+00
402,81,,,,,2026-02-10 22:58:50.88428+00,2026-02-10 22:58:50.88428+00
403,65,,,,,2026-02-10 22:58:50.88428+00,2026-02-10 22:58:50.88428+00
404,454,,2023,,,2026-02-10 22:58:50.88428+00,2026-02-10 22:58:50.88428+00
407,427,,2007,2011,,2026-02-10 22:58:50.88428+00,2026-02-10 22:58:50.88428+00
409,459,,2000,,,2026-02-10 22:58:50.88428+00,2026-02-10 22:58:50.88428+00
410,460,,2000,,,2026-02-10 22:58:50.88428+00,2026-02-10 22:58:50.88428+00
411,462,,2000,,,2026-02-10 22:58:50.88428+00,2026-02-10 22:58:50.88428+00
412,463,,2000,,,2026-02-10 22:58:50.88428+00,2026-02-10 22:58:50.88428+00
413,464,,2000,,,2026-02-10 22:58:50.88428+00,2026-02-10 22:58:50.88428+00
414,465,,2000,,,2026-02-10 22:58:50.88428+00,2026-02-10 22:58:50.88428+00
415,466,,2000,,,2026-02-10 22:58:50.88428+00,2026-02-10 22:58:50.88428+00
416,467,,2000,,,2026-02-10 22:58:50.88428+00,2026-02-10 22:58:50.88428+00
417,468,,2000,,,2026-02-10 22:58:50.88428+00,2026-02-10 22:58:50.88428+00
418,469,,2001,,,2026-02-10 22:58:50.88428+00,2026-02-10 22:58:50.88428+00
419,470,,2001,,,2026-02-10 22:58:50.88428+00,2026-02-10 22:58:50.88428+00
420,471,,2001,,,2026-02-10 22:58:50.88428+00,2026-02-10 22:58:50.88428+00
421,472,,2001,,,2026-02-10 22:58:50.88428+00,2026-02-10 22:58:50.88428+00
422,473,,2001,,,2026-02-10 22:58:50.88428+00,2026-02-10 22:58:50.88428+00
423,474,,2001,,,2026-02-10 22:58:50.88428+00,2026-02-10 22:58:50.88428+00
424,475,,2002,,,2026-02-10 22:58:50.88428+00,2026-02-10 22:58:50.88428+00
425,476,,2002,,,2026-02-10 22:58:50.88428+00,2026-02-10 22:58:50.88428+00
427,478,,2002,,,2026-02-10 22:58:50.88428+00,2026-02-10 22:58:50.88428+00
428,479,,2002,,,2026-02-10 22:58:50.88428+00,2026-02-10 22:58:50.88428+00
429,480,,2003,,,2026-02-10 22:58:50.88428+00,2026-02-10 22:58:50.88428+00
430,481,,2003,,,2026-02-10 22:58:50.88428+00,2026-02-10 22:58:50.88428+00
431,482,,2004,,,2026-02-10 22:58:50.88428+00,2026-02-10 22:58:50.88428+00
432,483,,2004,,,2026-02-10 22:58:50.88428+00,2026-02-10 22:58:50.88428+00
433,484,,2005,,,2026-02-10 22:58:50.88428+00,2026-02-10 22:58:50.88428+00
434,485,,2005,,,2026-02-10 22:58:50.88428+00,2026-02-10 22:58:50.88428+00
435,486,,2005,,,2026-02-10 22:58:50.88428+00,2026-02-10 22:58:50.88428+00
436,487,,2006,,,2026-02-10 22:58:50.88428+00,2026-02-10 22:58:50.88428+00
437,488,,2006,,,2026-02-10 22:58:50.88428+00,2026-02-10 22:58:50.88428+00
438,489,,2006,,,2026-02-10 22:58:50.88428+00,2026-02-10 22:58:50.88428+00
439,490,,2007,,,2026-02-10 22:58:50.88428+00,2026-02-10 22:58:50.88428+00
440,491,,2007,,,2026-02-10 22:58:50.88428+00,2026-02-10 22:58:50.88428+00
441,492,,1999,,,2026-02-10 22:58:50.88428+00,2026-02-10 22:58:50.88428+00
442,493,,1999,,,2026-02-10 22:58:50.88428+00,2026-02-10 22:58:50.88428+00
443,494,,1999,,,2026-02-10 22:58:50.88428+00,2026-02-10 22:58:50.88428+00
444,453,,2022,,,2026-02-10 22:58:50.88428+00,2026-02-10 22:58:50.88428+00
445,495,,1999,,,2026-02-10 22:58:50.88428+00,2026-02-10 22:58:50.88428+00
446,497,,1997,,,2026-02-10 22:58:50.88428+00,2026-02-10 22:58:50.88428+00
447,498,,1997,,,2026-02-10 22:58:50.88428+00,2026-02-10 22:58:50.88428+00
448,499,,1997,,,2026-02-10 22:58:50.88428+00,2026-02-10 22:58:50.88428+00
449,500,,1997,,,2026-02-10 22:58:50.88428+00,2026-02-10 22:58:50.88428+00
450,501,,1997,,,2026-02-10 22:58:50.88428+00,2026-02-10 22:58:50.88428+00
451,502,,1997,,,2026-02-10 22:58:50.88428+00,2026-02-10 22:58:50.88428+00
452,503,,1997,,,2026-02-10 22:58:50.88428+00,2026-02-10 22:58:50.88428+00
453,505,,1951,,,2026-02-10 22:58:50.88428+00,2026-02-10 22:58:50.88428+00
454,506,,1951,,,2026-02-10 22:58:50.88428+00,2026-02-10 22:58:50.88428+00
455,507,,1951,,,2026-02-10 22:58:50.88428+00,2026-02-10 22:58:50.88428+00
456,508,,1951,,,2026-02-10 22:58:50.88428+00,2026-02-10 22:58:50.88428+00
457,509,,1951,,,2026-02-10 22:58:50.88428+00,2026-02-10 22:58:50.88428+00
458,510,,1951,,,2026-02-10 22:58:50.88428+00,2026-02-10 22:58:50.88428+00
459,511,,1951,,,2026-02-10 22:58:50.88428+00,2026-02-10 22:58:50.88428+00
460,512,,1951,,,2026-02-10 22:58:50.88428+00,2026-02-10 22:58:50.88428+00
461,513,,1951,,,2026-02-10 22:58:50.88428+00,2026-02-10 22:58:50.88428+00
462,514,,1951,,,2026-02-10 22:58:50.88428+00,2026-02-10 22:58:50.88428+00
463,515,,1951,,,2026-02-10 22:58:50.88428+00,2026-02-10 22:58:50.88428+00
464,516,,1951,,,2026-02-10 22:58:50.88428+00,2026-02-10 22:58:50.88428+00
465,517,,1951,,,2026-02-10 22:58:50.88428+00,2026-02-10 22:58:50.88428+00
466,518,,1951,,,2026-02-10 22:58:50.88428+00,2026-02-10 22:58:50.88428+00
467,519,,1951,,,2026-02-10 22:58:50.88428+00,2026-02-10 22:58:50.88428+00
468,521,,1951,,,2026-02-10 22:58:50.88428+00,2026-02-10 22:58:50.88428+00
469,522,,1951,,,2026-02-10 22:58:50.88428+00,2026-02-10 22:58:50.88428+00
470,523,,1951,,,2026-02-10 22:58:50.88428+00,2026-02-10 22:58:50.88428+00
471,524,,1951,,,2026-02-10 22:58:50.88428+00,2026-02-10 22:58:50.88428+00
472,525,,1951,,,2026-02-10 22:58:50.88428+00,2026-02-10 22:58:50.88428+00
473,526,,1951,,,2026-02-10 22:58:50.88428+00,2026-02-10 22:58:50.88428+00
474,527,,1951,,,2026-02-10 22:58:50.88428+00,2026-02-10 22:58:50.88428+00
475,528,,1951,,,2026-02-10 22:58:50.88428+00,2026-02-10 22:58:50.88428+00
476,496,,1998,1999,,2026-02-10 22:58:50.88428+00,2026-02-10 22:58:50.88428+00
477,461,,2000,2005,,2026-02-10 22:58:50.88428+00,2026-02-10 22:58:50.88428+00
478,529,,1951,,,2026-02-10 22:58:50.88428+00,2026-02-10 22:58:50.88428+00
479,530,,1951,,,2026-02-10 22:58:50.88428+00,2026-02-10 22:58:50.88428+00
480,531,,1951,,,2026-02-10 22:58:50.88428+00,2026-02-10 22:58:50.88428+00
481,532,,1951,,,2026-02-10 22:58:50.88428+00,2026-02-10 22:58:50.88428+00
482,533,,1952,,,2026-02-10 22:58:50.88428+00,2026-02-10 22:58:50.88428+00
483,534,,1952,,,2026-02-10 22:58:50.88428+00,2026-02-10 22:58:50.88428+00
484,535,,1952,,,2026-02-10 22:58:50.88428+00,2026-02-10 22:58:50.88428+00
485,536,,1952,,,2026-02-10 22:58:50.88428+00,2026-02-10 22:58:50.88428+00
486,537,,1952,,,2026-02-10 22:58:50.88428+00,2026-02-10 22:58:50.88428+00
487,538,,1952,,,2026-02-10 22:58:50.88428+00,2026-02-10 22:58:50.88428+00
488,539,,1952,,,2026-02-10 22:58:50.88428+00,2026-02-10 22:58:50.88428+00
489,540,,1952,,,2026-02-10 22:58:50.88428+00,2026-02-10 22:58:50.88428+00
490,541,,1952,,,2026-02-10 22:58:50.88428+00,2026-02-10 22:58:50.88428+00
491,542,,1952,,,2026-02-10 22:58:50.88428+00,2026-02-10 22:58:50.88428+00
492,543,,1952,,,2026-02-10 22:58:50.88428+00,2026-02-10 22:58:50.88428+00
493,544,,1952,,,2026-02-10 22:58:50.88428+00,2026-02-10 22:58:50.88428+00
494,545,,1952,,,2026-02-10 22:58:50.88428+00,2026-02-10 22:58:50.88428+00
495,546,,1952,,,2026-02-10 22:58:50.88428+00,2026-02-10 22:58:50.88428+00
496,547,,1952,,,2026-02-10 22:58:50.88428+00,2026-02-10 22:58:50.88428+00
497,548,,1952,,,2026-02-10 22:58:50.88428+00,2026-02-10 22:58:50.88428+00
498,549,,1952,,,2026-02-10 22:58:50.88428+00,2026-02-10 22:58:50.88428+00
499,550,,1952,,,2026-02-10 22:58:50.88428+00,2026-02-10 22:58:50.88428+00
500,551,,1952,,,2026-02-10 22:58:50.88428+00,2026-02-10 22:58:50.88428+00
501,552,,1952,,,2026-02-10 22:58:50.88428+00,2026-02-10 22:58:50.88428+00
502,553,,1952,,,2026-02-10 22:58:50.88428+00,2026-02-10 22:58:50.88428+00
503,554,,1952,,,2026-02-10 22:58:50.88428+00,2026-02-10 22:58:50.88428+00
504,555,,1952,,,2026-02-10 22:58:50.88428+00,2026-02-10 22:58:50.88428+00
505,556,,1952,,,2026-02-10 22:58:50.88428+00,2026-02-10 22:58:50.88428+00
506,557,,1952,,,2026-02-10 22:58:50.88428+00,2026-02-10 22:58:50.88428+00
507,558,,1952,,,2026-02-10 22:58:50.88428+00,2026-02-10 22:58:50.88428+00
508,559,,1952,,,2026-02-10 22:58:50.88428+00,2026-02-10 22:58:50.88428+00
509,560,,1952,,,2026-02-10 22:58:50.88428+00,2026-02-10 22:58:50.88428+00
510,561,,1952,,,2026-02-10 22:58:50.88428+00,2026-02-10 22:58:50.88428+00
511,562,,1952,,,2026-02-10 22:58:50.88428+00,2026-02-10 22:58:50.88428+00
512,563,,1952,,,2026-02-10 22:58:50.88428+00,2026-02-10 22:58:50.88428+00
513,564,,1952,,,2026-02-10 22:58:50.88428+00,2026-02-10 22:58:50.88428+00
514,565,,1952,,,2026-02-10 22:58:50.88428+00,2026-02-10 22:58:50.88428+00
515,566,,1952,,,2026-02-10 22:58:50.88428+00,2026-02-10 22:58:50.88428+00
405,443,292,2021,,,2026-02-10 22:58:50.88428+00,2026-02-27 03:09:03.806713+00
516,567,,1952,,,2026-02-10 22:58:50.88428+00,2026-02-10 22:58:50.88428+00
517,568,,1952,,,2026-02-10 22:58:50.88428+00,2026-02-10 22:58:50.88428+00
518,569,,1952,,,2026-02-10 22:58:50.88428+00,2026-02-10 22:58:50.88428+00
519,570,,1952,,,2026-02-10 22:58:50.88428+00,2026-02-10 22:58:50.88428+00
520,571,,1952,,,2026-02-10 22:58:50.88428+00,2026-02-10 22:58:50.88428+00
521,572,,1952,,,2026-02-10 22:58:50.88428+00,2026-02-10 22:58:50.88428+00
522,573,,1952,,,2026-02-10 22:58:50.88428+00,2026-02-10 22:58:50.88428+00
523,574,,1952,,,2026-02-10 22:58:50.88428+00,2026-02-10 22:58:50.88428+00
524,575,,1952,,,2026-02-10 22:58:50.88428+00,2026-02-10 22:58:50.88428+00
525,576,,1952,,,2026-02-10 22:58:50.88428+00,2026-02-10 22:58:50.88428+00
526,577,,1952,,,2026-02-10 22:58:50.88428+00,2026-02-10 22:58:50.88428+00
527,578,,1952,,,2026-02-10 22:58:50.88428+00,2026-02-10 22:58:50.88428+00
528,579,,1953,,,2026-02-10 22:58:50.88428+00,2026-02-10 22:58:50.88428+00
529,580,,1953,,,2026-02-10 22:58:50.88428+00,2026-02-10 22:58:50.88428+00
530,581,,1953,,,2026-02-10 22:58:50.88428+00,2026-02-10 22:58:50.88428+00
531,582,,1953,,,2026-02-10 22:58:50.88428+00,2026-02-10 22:58:50.88428+00
532,583,,1953,,,2026-02-10 22:58:50.88428+00,2026-02-10 22:58:50.88428+00
533,584,,1953,,,2026-02-10 22:58:50.88428+00,2026-02-10 22:58:50.88428+00
534,585,,1953,,,2026-02-10 22:58:50.88428+00,2026-02-10 22:58:50.88428+00
535,586,,1953,,,2026-02-10 22:58:50.88428+00,2026-02-10 22:58:50.88428+00
536,587,,1953,,,2026-02-10 22:58:50.88428+00,2026-02-10 22:58:50.88428+00
537,588,,1953,,,2026-02-10 22:58:50.88428+00,2026-02-10 22:58:50.88428+00
538,589,,1953,,,2026-02-10 22:58:50.88428+00,2026-02-10 22:58:50.88428+00
539,590,,1953,,,2026-02-10 22:58:50.88428+00,2026-02-10 22:58:50.88428+00
540,591,,1953,,,2026-02-10 22:58:50.88428+00,2026-02-10 22:58:50.88428+00
541,592,,1953,,,2026-02-10 22:58:50.88428+00,2026-02-10 22:58:50.88428+00
542,593,,1953,,,2026-02-10 22:58:50.88428+00,2026-02-10 22:58:50.88428+00
543,594,,1953,,,2026-02-10 22:58:50.88428+00,2026-02-10 22:58:50.88428+00
544,595,,1953,,,2026-02-10 22:58:50.88428+00,2026-02-10 22:58:50.88428+00
545,596,,1953,,,2026-02-10 22:58:50.88428+00,2026-02-10 22:58:50.88428+00
546,597,,1953,,,2026-02-10 22:58:50.88428+00,2026-02-10 22:58:50.88428+00
547,598,,1953,,,2026-02-10 22:58:50.88428+00,2026-02-10 22:58:50.88428+00
548,599,,1953,,,2026-02-10 22:58:50.88428+00,2026-02-10 22:58:50.88428+00
549,600,,1953,,,2026-02-10 22:58:50.88428+00,2026-02-10 22:58:50.88428+00
550,601,,1953,,,2026-02-10 22:58:50.88428+00,2026-02-10 22:58:50.88428+00
551,602,,1953,,,2026-02-10 22:58:50.88428+00,2026-02-10 22:58:50.88428+00
552,603,,1953,,,2026-02-10 22:58:50.88428+00,2026-02-10 22:58:50.88428+00
553,604,,1953,,,2026-02-10 22:58:50.88428+00,2026-02-10 22:58:50.88428+00
554,605,,1953,,,2026-02-10 22:58:50.88428+00,2026-02-10 22:58:50.88428+00
555,606,,1953,,,2026-02-10 22:58:50.88428+00,2026-02-10 22:58:50.88428+00
556,607,,1953,,,2026-02-10 22:58:50.88428+00,2026-02-10 22:58:50.88428+00
557,608,,1953,,,2026-02-10 22:58:50.88428+00,2026-02-10 22:58:50.88428+00
558,609,,1953,,,2026-02-10 22:58:50.88428+00,2026-02-10 22:58:50.88428+00
559,610,,1953,,,2026-02-10 22:58:50.88428+00,2026-02-10 22:58:50.88428+00
560,611,,1953,,,2026-02-10 22:58:50.88428+00,2026-02-10 22:58:50.88428+00
561,612,,1953,,,2026-02-10 22:58:50.88428+00,2026-02-10 22:58:50.88428+00
562,613,,1954,,,2026-02-10 22:58:50.88428+00,2026-02-10 22:58:50.88428+00
563,614,,1954,,,2026-02-10 22:58:50.88428+00,2026-02-10 22:58:50.88428+00
564,615,,1954,,,2026-02-10 22:58:50.88428+00,2026-02-10 22:58:50.88428+00
565,616,,1954,,,2026-02-10 22:58:50.88428+00,2026-02-10 22:58:50.88428+00
566,617,,1954,,,2026-02-10 22:58:50.88428+00,2026-02-10 22:58:50.88428+00
567,618,,1954,,,2026-02-10 22:58:50.88428+00,2026-02-10 22:58:50.88428+00
568,619,,1954,,,2026-02-10 22:58:50.88428+00,2026-02-10 22:58:50.88428+00
569,620,,1954,,,2026-02-10 22:58:50.88428+00,2026-02-10 22:58:50.88428+00
570,621,,1954,,,2026-02-10 22:58:50.88428+00,2026-02-10 22:58:50.88428+00
571,622,,1954,,,2026-02-10 22:58:50.88428+00,2026-02-10 22:58:50.88428+00
572,623,,1954,,,2026-02-10 22:58:50.88428+00,2026-02-10 22:58:50.88428+00
573,624,,1954,,,2026-02-10 22:58:50.88428+00,2026-02-10 22:58:50.88428+00
574,625,,1954,,,2026-02-10 22:58:50.88428+00,2026-02-10 22:58:50.88428+00
575,626,,1954,,,2026-02-10 22:58:50.88428+00,2026-02-10 22:58:50.88428+00
576,627,,1954,,,2026-02-10 22:58:50.88428+00,2026-02-10 22:58:50.88428+00
577,628,,1954,,,2026-02-10 22:58:50.88428+00,2026-02-10 22:58:50.88428+00
578,629,,1954,,,2026-02-10 22:58:50.88428+00,2026-02-10 22:58:50.88428+00
579,630,,1954,,,2026-02-10 22:58:50.88428+00,2026-02-10 22:58:50.88428+00
580,631,,1954,,,2026-02-10 22:58:50.88428+00,2026-02-10 22:58:50.88428+00
581,632,,1954,,,2026-02-10 22:58:50.88428+00,2026-02-10 22:58:50.88428+00
582,633,,1954,,,2026-02-10 22:58:50.88428+00,2026-02-10 22:58:50.88428+00
583,634,,1954,,,2026-02-10 22:58:50.88428+00,2026-02-10 22:58:50.88428+00
584,635,,1954,,,2026-02-10 22:58:50.88428+00,2026-02-10 22:58:50.88428+00
585,636,,1954,,,2026-02-10 22:58:50.88428+00,2026-02-10 22:58:50.88428+00
586,637,,1954,,,2026-02-10 22:58:50.88428+00,2026-02-10 22:58:50.88428+00
587,638,,1954,,,2026-02-10 22:58:50.88428+00,2026-02-10 22:58:50.88428+00
588,639,,1954,,,2026-02-10 22:58:50.88428+00,2026-02-10 22:58:50.88428+00
589,640,,1955,,,2026-02-10 22:58:50.88428+00,2026-02-10 22:58:50.88428+00
590,641,,1955,,,2026-02-10 22:58:50.88428+00,2026-02-10 22:58:50.88428+00
591,642,,1955,,,2026-02-10 22:58:50.88428+00,2026-02-10 22:58:50.88428+00
592,643,,1955,,,2026-02-10 22:58:50.88428+00,2026-02-10 22:58:50.88428+00
593,644,,1955,,,2026-02-10 22:58:50.88428+00,2026-02-10 22:58:50.88428+00
594,645,,1955,,,2026-02-10 22:58:50.88428+00,2026-02-10 22:58:50.88428+00
595,646,,1955,,,2026-02-10 22:58:50.88428+00,2026-02-10 22:58:50.88428+00
596,647,,1955,,,2026-02-10 22:58:50.88428+00,2026-02-10 22:58:50.88428+00
597,648,,1955,,,2026-02-10 22:58:50.88428+00,2026-02-10 22:58:50.88428+00
598,649,,1955,,,2026-02-10 22:58:50.88428+00,2026-02-10 22:58:50.88428+00
599,650,,1955,,,2026-02-10 22:58:50.88428+00,2026-02-10 22:58:50.88428+00
600,651,,1955,,,2026-02-10 22:58:50.88428+00,2026-02-10 22:58:50.88428+00
601,652,,1955,,,2026-02-10 22:58:50.88428+00,2026-02-10 22:58:50.88428+00
602,653,,1955,,,2026-02-10 22:58:50.88428+00,2026-02-10 22:58:50.88428+00
603,654,,1955,,,2026-02-10 22:58:50.88428+00,2026-02-10 22:58:50.88428+00
604,655,,1956,,,2026-02-10 22:58:50.88428+00,2026-02-10 22:58:50.88428+00
605,656,,1956,,,2026-02-10 22:58:50.88428+00,2026-02-10 22:58:50.88428+00
606,657,,1956,,,2026-02-10 22:58:50.88428+00,2026-02-10 22:58:50.88428+00
607,658,,1956,,,2026-02-10 22:58:50.88428+00,2026-02-10 22:58:50.88428+00
608,659,,1956,,,2026-02-10 22:58:50.88428+00,2026-02-10 22:58:50.88428+00
609,660,,1956,,,2026-02-10 22:58:50.88428+00,2026-02-10 22:58:50.88428+00
610,661,,1956,,,2026-02-10 22:58:50.88428+00,2026-02-10 22:58:50.88428+00
611,662,,1956,,,2026-02-10 22:58:50.88428+00,2026-02-10 22:58:50.88428+00
612,663,,1956,,,2026-02-10 22:58:50.88428+00,2026-02-10 22:58:50.88428+00
613,664,,1956,,,2026-02-10 22:58:50.88428+00,2026-02-10 22:58:50.88428+00
614,665,,1956,,,2026-02-10 22:58:50.88428+00,2026-02-10 22:58:50.88428+00
615,666,,1956,,,2026-02-10 22:58:50.88428+00,2026-02-10 22:58:50.88428+00
616,667,,1956,,,2026-02-10 22:58:50.88428+00,2026-02-10 22:58:50.88428+00
617,668,,1956,,,2026-02-10 22:58:50.88428+00,2026-02-10 22:58:50.88428+00
618,669,,1956,,,2026-02-10 22:58:50.88428+00,2026-02-10 22:58:50.88428+00
619,670,,1956,,,2026-02-10 22:58:50.88428+00,2026-02-10 22:58:50.88428+00
620,671,,1956,,,2026-02-10 22:58:50.88428+00,2026-02-10 22:58:50.88428+00
621,672,,1956,,,2026-02-10 22:58:50.88428+00,2026-02-10 22:58:50.88428+00
622,673,,1957,,,2026-02-10 22:58:50.88428+00,2026-02-10 22:58:50.88428+00
623,674,,1957,,,2026-02-10 22:58:50.88428+00,2026-02-10 22:58:50.88428+00
624,675,,1957,,,2026-02-10 22:58:50.88428+00,2026-02-10 22:58:50.88428+00
625,676,,1957,,,2026-02-10 22:58:50.88428+00,2026-02-10 22:58:50.88428+00
626,677,,1957,,,2026-02-10 22:58:50.88428+00,2026-02-10 22:58:50.88428+00
627,678,,1957,,,2026-02-10 22:58:50.88428+00,2026-02-10 22:58:50.88428+00
628,679,,1957,,,2026-02-10 22:58:50.88428+00,2026-02-10 22:58:50.88428+00
629,680,,1957,,,2026-02-10 22:58:50.88428+00,2026-02-10 22:58:50.88428+00
630,681,,1957,,,2026-02-10 22:58:50.88428+00,2026-02-10 22:58:50.88428+00
631,682,,1957,,,2026-02-10 22:58:50.88428+00,2026-02-10 22:58:50.88428+00
632,683,,1957,,,2026-02-10 22:58:50.88428+00,2026-02-10 22:58:50.88428+00
633,684,,1957,,,2026-02-10 22:58:50.88428+00,2026-02-10 22:58:50.88428+00
634,685,,1957,,,2026-02-10 22:58:50.88428+00,2026-02-10 22:58:50.88428+00
635,686,,1957,,,2026-02-10 22:58:50.88428+00,2026-02-10 22:58:50.88428+00
636,687,,1957,,,2026-02-10 22:58:50.88428+00,2026-02-10 22:58:50.88428+00
637,688,,1958,,,2026-02-10 22:58:50.88428+00,2026-02-10 22:58:50.88428+00
638,689,,1958,,,2026-02-10 22:58:50.88428+00,2026-02-10 22:58:50.88428+00
639,690,,1958,,,2026-02-10 22:58:50.88428+00,2026-02-10 22:58:50.88428+00
640,691,,1958,,,2026-02-10 22:58:50.88428+00,2026-02-10 22:58:50.88428+00
641,692,,1958,,,2026-02-10 22:58:50.88428+00,2026-02-10 22:58:50.88428+00
642,693,,1958,,,2026-02-10 22:58:50.88428+00,2026-02-10 22:58:50.88428+00
643,694,,1958,,,2026-02-10 22:58:50.88428+00,2026-02-10 22:58:50.88428+00
644,695,,1958,,,2026-02-10 22:58:50.88428+00,2026-02-10 22:58:50.88428+00
645,696,,1958,,,2026-02-10 22:58:50.88428+00,2026-02-10 22:58:50.88428+00
646,697,,1958,,,2026-02-10 22:58:50.88428+00,2026-02-10 22:58:50.88428+00
647,698,,1958,,,2026-02-10 22:58:50.88428+00,2026-02-10 22:58:50.88428+00
648,699,,1958,,,2026-02-10 22:58:50.88428+00,2026-02-10 22:58:50.88428+00
649,700,,1958,,,2026-02-10 22:58:50.88428+00,2026-02-10 22:58:50.88428+00
650,701,,1958,,,2026-02-10 22:58:50.88428+00,2026-02-10 22:58:50.88428+00
651,702,,1958,,,2026-02-10 22:58:50.88428+00,2026-02-10 22:58:50.88428+00
652,703,,1958,,,2026-02-10 22:58:50.88428+00,2026-02-10 22:58:50.88428+00
653,704,,1958,,,2026-02-10 22:58:50.88428+00,2026-02-10 22:58:50.88428+00
654,705,,1958,,,2026-02-10 22:58:50.88428+00,2026-02-10 22:58:50.88428+00
655,706,,1958,,,2026-02-10 22:58:50.88428+00,2026-02-10 22:58:50.88428+00
656,707,,1958,,,2026-02-10 22:58:50.88428+00,2026-02-10 22:58:50.88428+00
657,708,,1959,,,2026-02-10 22:58:50.88428+00,2026-02-10 22:58:50.88428+00
658,709,,1959,,,2026-02-10 22:58:50.88428+00,2026-02-10 22:58:50.88428+00
659,710,,1959,,,2026-02-10 22:58:50.88428+00,2026-02-10 22:58:50.88428+00
660,711,,1959,,,2026-02-10 22:58:50.88428+00,2026-02-10 22:58:50.88428+00
661,712,,1959,,,2026-02-10 22:58:50.88428+00,2026-02-10 22:58:50.88428+00
662,713,,1959,,,2026-02-10 22:58:50.88428+00,2026-02-10 22:58:50.88428+00
663,714,,1959,,,2026-02-10 22:58:50.88428+00,2026-02-10 22:58:50.88428+00
664,715,,1959,,,2026-02-10 22:58:50.88428+00,2026-02-10 22:58:50.88428+00
665,716,,1959,,,2026-02-10 22:58:50.88428+00,2026-02-10 22:58:50.88428+00
666,717,,1959,,,2026-02-10 22:58:50.88428+00,2026-02-10 22:58:50.88428+00
667,718,,1959,,,2026-02-10 22:58:50.88428+00,2026-02-10 22:58:50.88428+00
668,719,,1959,,,2026-02-10 22:58:50.88428+00,2026-02-10 22:58:50.88428+00
669,720,,1959,,,2026-02-10 22:58:50.88428+00,2026-02-10 22:58:50.88428+00
670,721,,1959,,,2026-02-10 22:58:50.88428+00,2026-02-10 22:58:50.88428+00
671,722,,1959,,,2026-02-10 22:58:50.88428+00,2026-02-10 22:58:50.88428+00
672,723,,1959,,,2026-02-10 22:58:50.88428+00,2026-02-10 22:58:50.88428+00
673,724,,1959,,,2026-02-10 22:58:50.88428+00,2026-02-10 22:58:50.88428+00
674,725,,1959,,,2026-02-10 22:58:50.88428+00,2026-02-10 22:58:50.88428+00
675,726,,1959,,,2026-02-10 22:58:50.88428+00,2026-02-10 22:58:50.88428+00
676,727,,1959,,,2026-02-10 22:58:50.88428+00,2026-02-10 22:58:50.88428+00
677,728,,1959,,,2026-02-10 22:58:50.88428+00,2026-02-10 22:58:50.88428+00
678,729,,1959,,,2026-02-10 22:58:50.88428+00,2026-02-10 22:58:50.88428+00
679,730,,1959,,,2026-02-10 22:58:50.88428+00,2026-02-10 22:58:50.88428+00
680,731,,1959,,,2026-02-10 22:58:50.88428+00,2026-02-10 22:58:50.88428+00
681,732,,1959,,,2026-02-10 22:58:50.88428+00,2026-02-10 22:58:50.88428+00
682,733,,1960,,,2026-02-10 22:58:50.88428+00,2026-02-10 22:58:50.88428+00
683,734,,1960,,,2026-02-10 22:58:50.88428+00,2026-02-10 22:58:50.88428+00
684,735,,1960,,,2026-02-10 22:58:50.88428+00,2026-02-10 22:58:50.88428+00
685,736,,1960,,,2026-02-10 22:58:50.88428+00,2026-02-10 22:58:50.88428+00
686,737,,1960,,,2026-02-10 22:58:50.88428+00,2026-02-10 22:58:50.88428+00
687,738,,1960,,,2026-02-10 22:58:50.88428+00,2026-02-10 22:58:50.88428+00
688,739,,1960,,,2026-02-10 22:58:50.88428+00,2026-02-10 22:58:50.88428+00
689,740,,1960,,,2026-02-10 22:58:50.88428+00,2026-02-10 22:58:50.88428+00
690,741,,1960,,,2026-02-10 22:58:50.88428+00,2026-02-10 22:58:50.88428+00
691,742,,1960,,,2026-02-10 22:58:50.88428+00,2026-02-10 22:58:50.88428+00
692,743,,1960,,,2026-02-10 22:58:50.88428+00,2026-02-10 22:58:50.88428+00
693,744,,1960,,,2026-02-10 22:58:50.88428+00,2026-02-10 22:58:50.88428+00
694,745,,1960,,,2026-02-10 22:58:50.88428+00,2026-02-10 22:58:50.88428+00
695,746,,1960,,,2026-02-10 22:58:50.88428+00,2026-02-10 22:58:50.88428+00
696,747,,1960,,,2026-02-10 22:58:50.88428+00,2026-02-10 22:58:50.88428+00
697,748,,1960,,,2026-02-10 22:58:50.88428+00,2026-02-10 22:58:50.88428+00
698,749,,1960,,,2026-02-10 22:58:50.88428+00,2026-02-10 22:58:50.88428+00
699,750,,1960,,,2026-02-10 22:58:50.88428+00,2026-02-10 22:58:50.88428+00
700,751,,1960,,,2026-02-10 22:58:50.88428+00,2026-02-10 22:58:50.88428+00
701,752,,1960,,,2026-02-10 22:58:50.88428+00,2026-02-10 22:58:50.88428+00
702,753,,1960,,,2026-02-10 22:58:50.88428+00,2026-02-10 22:58:50.88428+00
703,754,,1960,,,2026-02-10 22:58:50.88428+00,2026-02-10 22:58:50.88428+00
704,755,,1960,,,2026-02-10 22:58:50.88428+00,2026-02-10 22:58:50.88428+00
705,756,,1960,,,2026-02-10 22:58:50.88428+00,2026-02-10 22:58:50.88428+00
706,757,,1960,,,2026-02-10 22:58:50.88428+00,2026-02-10 22:58:50.88428+00
707,758,,1960,,,2026-02-10 22:58:50.88428+00,2026-02-10 22:58:50.88428+00
708,759,,1961,,,2026-02-10 22:58:50.88428+00,2026-02-10 22:58:50.88428+00
709,760,,1961,,,2026-02-10 22:58:50.88428+00,2026-02-10 22:58:50.88428+00
710,761,,1961,,,2026-02-10 22:58:50.88428+00,2026-02-10 22:58:50.88428+00
711,762,,1961,,,2026-02-10 22:58:50.88428+00,2026-02-10 22:58:50.88428+00
712,763,,1961,,,2026-02-10 22:58:50.88428+00,2026-02-10 22:58:50.88428+00
713,764,,1961,,,2026-02-10 22:58:50.88428+00,2026-02-10 22:58:50.88428+00
714,765,,1961,,,2026-02-10 22:58:50.88428+00,2026-02-10 22:58:50.88428+00
715,766,,1961,,,2026-02-10 22:58:50.88428+00,2026-02-10 22:58:50.88428+00
716,767,,1961,,,2026-02-10 22:58:50.88428+00,2026-02-10 22:58:50.88428+00
717,768,,1961,,,2026-02-10 22:58:50.88428+00,2026-02-10 22:58:50.88428+00
718,769,,1961,,,2026-02-10 22:58:50.88428+00,2026-02-10 22:58:50.88428+00
719,770,,1961,,,2026-02-10 22:58:50.88428+00,2026-02-10 22:58:50.88428+00
720,771,,1961,,,2026-02-10 22:58:50.88428+00,2026-02-10 22:58:50.88428+00
721,772,,1961,,,2026-02-10 22:58:50.88428+00,2026-02-10 22:58:50.88428+00
723,774,,1961,,,2026-02-10 22:58:50.88428+00,2026-02-10 22:58:50.88428+00
724,775,,1961,,,2026-02-10 22:58:50.88428+00,2026-02-10 22:58:50.88428+00
725,776,,1961,,,2026-02-10 22:58:50.88428+00,2026-02-10 22:58:50.88428+00
726,777,,1961,,,2026-02-10 22:58:50.88428+00,2026-02-10 22:58:50.88428+00
727,778,,1961,,,2026-02-10 22:58:50.88428+00,2026-02-10 22:58:50.88428+00
728,779,,1962,,,2026-02-10 22:58:50.88428+00,2026-02-10 22:58:50.88428+00
729,780,,1962,,,2026-02-10 22:58:50.88428+00,2026-02-10 22:58:50.88428+00
730,781,,1962,,,2026-02-10 22:58:50.88428+00,2026-02-10 22:58:50.88428+00
731,782,,1962,,,2026-02-10 22:58:50.88428+00,2026-02-10 22:58:50.88428+00
732,783,,1962,,,2026-02-10 22:58:50.88428+00,2026-02-10 22:58:50.88428+00
733,784,,1962,,,2026-02-10 22:58:50.88428+00,2026-02-10 22:58:50.88428+00
734,785,,1962,,,2026-02-10 22:58:50.88428+00,2026-02-10 22:58:50.88428+00
735,786,,1962,,,2026-02-10 22:58:50.88428+00,2026-02-10 22:58:50.88428+00
736,787,,1962,,,2026-02-10 22:58:50.88428+00,2026-02-10 22:58:50.88428+00
737,788,,1962,,,2026-02-10 22:58:50.88428+00,2026-02-10 22:58:50.88428+00
738,789,,1962,,,2026-02-10 22:58:50.88428+00,2026-02-10 22:58:50.88428+00
739,790,,1962,,,2026-02-10 22:58:50.88428+00,2026-02-10 22:58:50.88428+00
740,791,,1962,,,2026-02-10 22:58:50.88428+00,2026-02-10 22:58:50.88428+00
741,792,,1962,,,2026-02-10 22:58:50.88428+00,2026-02-10 22:58:50.88428+00
742,793,,1962,,,2026-02-10 22:58:50.88428+00,2026-02-10 22:58:50.88428+00
743,794,,1962,,,2026-02-10 22:58:50.88428+00,2026-02-10 22:58:50.88428+00
744,795,,1962,,,2026-02-10 22:58:50.88428+00,2026-02-10 22:58:50.88428+00
745,796,,1962,,,2026-02-10 22:58:50.88428+00,2026-02-10 22:58:50.88428+00
746,797,,1962,,,2026-02-10 22:58:50.88428+00,2026-02-10 22:58:50.88428+00
747,798,,1963,,,2026-02-10 22:58:50.88428+00,2026-02-10 22:58:50.88428+00
748,799,,1963,,,2026-02-10 22:58:50.88428+00,2026-02-10 22:58:50.88428+00
749,800,,1963,,,2026-02-10 22:58:50.88428+00,2026-02-10 22:58:50.88428+00
750,801,,1963,,,2026-02-10 22:58:50.88428+00,2026-02-10 22:58:50.88428+00
751,802,,1963,,,2026-02-10 22:58:50.88428+00,2026-02-10 22:58:50.88428+00
752,803,,1963,,,2026-02-10 22:58:50.88428+00,2026-02-10 22:58:50.88428+00
753,804,,1963,,,2026-02-10 22:58:50.88428+00,2026-02-10 22:58:50.88428+00
754,805,,1963,,,2026-02-10 22:58:50.88428+00,2026-02-10 22:58:50.88428+00
755,806,,1963,,,2026-02-10 22:58:50.88428+00,2026-02-10 22:58:50.88428+00
756,807,,1963,,,2026-02-10 22:58:50.88428+00,2026-02-10 22:58:50.88428+00
757,808,,1963,,,2026-02-10 22:58:50.88428+00,2026-02-10 22:58:50.88428+00
758,809,,1963,,,2026-02-10 22:58:50.88428+00,2026-02-10 22:58:50.88428+00
759,810,,1963,,,2026-02-10 22:58:50.88428+00,2026-02-10 22:58:50.88428+00
760,811,,1963,,,2026-02-10 22:58:50.88428+00,2026-02-10 22:58:50.88428+00
761,812,,1963,,,2026-02-10 22:58:50.88428+00,2026-02-10 22:58:50.88428+00
762,813,,1963,,,2026-02-10 22:58:50.88428+00,2026-02-10 22:58:50.88428+00
763,814,,1964,,,2026-02-10 22:58:50.88428+00,2026-02-10 22:58:50.88428+00
764,815,,1964,,,2026-02-10 22:58:50.88428+00,2026-02-10 22:58:50.88428+00
765,816,,1964,,,2026-02-10 22:58:50.88428+00,2026-02-10 22:58:50.88428+00
766,817,,1964,,,2026-02-10 22:58:50.88428+00,2026-02-10 22:58:50.88428+00
767,818,,1964,,,2026-02-10 22:58:50.88428+00,2026-02-10 22:58:50.88428+00
768,819,,1964,,,2026-02-10 22:58:50.88428+00,2026-02-10 22:58:50.88428+00
769,820,,1964,,,2026-02-10 22:58:50.88428+00,2026-02-10 22:58:50.88428+00
770,821,,1964,,,2026-02-10 22:58:50.88428+00,2026-02-10 22:58:50.88428+00
771,822,,1964,,,2026-02-10 22:58:50.88428+00,2026-02-10 22:58:50.88428+00
772,823,,1965,,,2026-02-10 22:58:50.88428+00,2026-02-10 22:58:50.88428+00
773,824,,1965,,,2026-02-10 22:58:50.88428+00,2026-02-10 22:58:50.88428+00
774,825,,1965,,,2026-02-10 22:58:50.88428+00,2026-02-10 22:58:50.88428+00
775,826,,1965,,,2026-02-10 22:58:50.88428+00,2026-02-10 22:58:50.88428+00
776,827,,1965,,,2026-02-10 22:58:50.88428+00,2026-02-10 22:58:50.88428+00
777,828,,1965,,,2026-02-10 22:58:50.88428+00,2026-02-10 22:58:50.88428+00
778,829,,1966,,,2026-02-10 22:58:50.88428+00,2026-02-10 22:58:50.88428+00
779,830,,1966,,,2026-02-10 22:58:50.88428+00,2026-02-10 22:58:50.88428+00
780,831,,1966,,,2026-02-10 22:58:50.88428+00,2026-02-10 22:58:50.88428+00
781,832,,1966,,,2026-02-10 22:58:50.88428+00,2026-02-10 22:58:50.88428+00
782,833,,1966,,,2026-02-10 22:58:50.88428+00,2026-02-10 22:58:50.88428+00
783,834,,1966,,,2026-02-10 22:58:50.88428+00,2026-02-10 22:58:50.88428+00
784,835,,1966,,,2026-02-10 22:58:50.88428+00,2026-02-10 22:58:50.88428+00
785,836,,1966,,,2026-02-10 22:58:50.88428+00,2026-02-10 22:58:50.88428+00
786,837,,1966,,,2026-02-10 22:58:50.88428+00,2026-02-10 22:58:50.88428+00
787,838,,1966,,,2026-02-10 22:58:50.88428+00,2026-02-10 22:58:50.88428+00
788,839,,1966,,,2026-02-10 22:58:50.88428+00,2026-02-10 22:58:50.88428+00
789,840,,1966,,,2026-02-10 22:58:50.88428+00,2026-02-10 22:58:50.88428+00
790,841,,1966,,,2026-02-10 22:58:50.88428+00,2026-02-10 22:58:50.88428+00
791,842,,1966,,,2026-02-10 22:58:50.88428+00,2026-02-10 22:58:50.88428+00
792,843,,1966,,,2026-02-10 22:58:50.88428+00,2026-02-10 22:58:50.88428+00
793,844,,1966,,,2026-02-10 22:58:50.88428+00,2026-02-10 22:58:50.88428+00
794,845,,1967,,,2026-02-10 22:58:50.88428+00,2026-02-10 22:58:50.88428+00
795,846,,1967,,,2026-02-10 22:58:50.88428+00,2026-02-10 22:58:50.88428+00
796,847,,1967,,,2026-02-10 22:58:50.88428+00,2026-02-10 22:58:50.88428+00
797,848,,1967,,,2026-02-10 22:58:50.88428+00,2026-02-10 22:58:50.88428+00
798,849,,1967,,,2026-02-10 22:58:50.88428+00,2026-02-10 22:58:50.88428+00
799,850,,1967,,,2026-02-10 22:58:50.88428+00,2026-02-10 22:58:50.88428+00
800,851,,1967,,,2026-02-10 22:58:50.88428+00,2026-02-10 22:58:50.88428+00
801,852,,1967,,,2026-02-10 22:58:50.88428+00,2026-02-10 22:58:50.88428+00
802,853,,1967,,,2026-02-10 22:58:50.88428+00,2026-02-10 22:58:50.88428+00
803,854,,1967,,,2026-02-10 22:58:50.88428+00,2026-02-10 22:58:50.88428+00
804,855,,1967,,,2026-02-10 22:58:50.88428+00,2026-02-10 22:58:50.88428+00
805,856,,1967,,,2026-02-10 22:58:50.88428+00,2026-02-10 22:58:50.88428+00
806,857,,1967,,,2026-02-10 22:58:50.88428+00,2026-02-10 22:58:50.88428+00
807,858,,1968,,,2026-02-10 22:58:50.88428+00,2026-02-10 22:58:50.88428+00
808,859,,1968,,,2026-02-10 22:58:50.88428+00,2026-02-10 22:58:50.88428+00
809,860,,1968,,,2026-02-10 22:58:50.88428+00,2026-02-10 22:58:50.88428+00
810,861,,1969,,,2026-02-10 22:58:50.88428+00,2026-02-10 22:58:50.88428+00
811,862,,1969,,,2026-02-10 22:58:50.88428+00,2026-02-10 22:58:50.88428+00
812,863,,1969,,,2026-02-10 22:58:50.88428+00,2026-02-10 22:58:50.88428+00
813,864,,1969,,,2026-02-10 22:58:50.88428+00,2026-02-10 22:58:50.88428+00
814,865,,1969,,,2026-02-10 22:58:50.88428+00,2026-02-10 22:58:50.88428+00
815,866,,1969,,,2026-02-10 22:58:50.88428+00,2026-02-10 22:58:50.88428+00
816,867,,1969,,,2026-02-10 22:58:50.88428+00,2026-02-10 22:58:50.88428+00
817,868,,1969,,,2026-02-10 22:58:50.88428+00,2026-02-10 22:58:50.88428+00
818,869,,1969,,,2026-02-10 22:58:50.88428+00,2026-02-10 22:58:50.88428+00
819,870,,1969,,,2026-02-10 22:58:50.88428+00,2026-02-10 22:58:50.88428+00
820,871,,1969,,,2026-02-10 22:58:50.88428+00,2026-02-10 22:58:50.88428+00
821,872,,1969,,,2026-02-10 22:58:50.88428+00,2026-02-10 22:58:50.88428+00
822,873,,1969,,,2026-02-10 22:58:50.88428+00,2026-02-10 22:58:50.88428+00
823,874,,1969,,,2026-02-10 22:58:50.88428+00,2026-02-10 22:58:50.88428+00
824,875,,1970,,,2026-02-10 22:58:50.88428+00,2026-02-10 22:58:50.88428+00
825,876,,1970,,,2026-02-10 22:58:50.88428+00,2026-02-10 22:58:50.88428+00
826,877,,1970,,,2026-02-10 22:58:50.88428+00,2026-02-10 22:58:50.88428+00
827,878,,1970,,,2026-02-10 22:58:50.88428+00,2026-02-10 22:58:50.88428+00
828,879,,1970,,,2026-02-10 22:58:50.88428+00,2026-02-10 22:58:50.88428+00
829,880,,1970,,,2026-02-10 22:58:50.88428+00,2026-02-10 22:58:50.88428+00
830,881,,1970,,,2026-02-10 22:58:50.88428+00,2026-02-10 22:58:50.88428+00
831,882,,1970,,,2026-02-10 22:58:50.88428+00,2026-02-10 22:58:50.88428+00
832,883,,1970,,,2026-02-10 22:58:50.88428+00,2026-02-10 22:58:50.88428+00
833,884,,1970,,,2026-02-10 22:58:50.88428+00,2026-02-10 22:58:50.88428+00
834,885,,1970,,,2026-02-10 22:58:50.88428+00,2026-02-10 22:58:50.88428+00
835,886,,1970,,,2026-02-10 22:58:50.88428+00,2026-02-10 22:58:50.88428+00
836,887,,1970,,,2026-02-10 22:58:50.88428+00,2026-02-10 22:58:50.88428+00
837,888,,1971,,,2026-02-10 22:58:50.88428+00,2026-02-10 22:58:50.88428+00
838,889,,1971,,,2026-02-10 22:58:50.88428+00,2026-02-10 22:58:50.88428+00
839,890,,1971,,,2026-02-10 22:58:50.88428+00,2026-02-10 22:58:50.88428+00
840,891,,1971,,,2026-02-10 22:58:50.88428+00,2026-02-10 22:58:50.88428+00
841,892,,1971,,,2026-02-10 22:58:50.88428+00,2026-02-10 22:58:50.88428+00
842,893,,1971,,,2026-02-10 22:58:50.88428+00,2026-02-10 22:58:50.88428+00
843,894,,1971,,,2026-02-10 22:58:50.88428+00,2026-02-10 22:58:50.88428+00
844,895,,1971,,,2026-02-10 22:58:50.88428+00,2026-02-10 22:58:50.88428+00
845,896,,1971,,,2026-02-10 22:58:50.88428+00,2026-02-10 22:58:50.88428+00
846,897,,1971,,,2026-02-10 22:58:50.88428+00,2026-02-10 22:58:50.88428+00
847,898,,1971,,,2026-02-10 22:58:50.88428+00,2026-02-10 22:58:50.88428+00
848,899,,1971,,,2026-02-10 22:58:50.88428+00,2026-02-10 22:58:50.88428+00
849,900,,1971,,,2026-02-10 22:58:50.88428+00,2026-02-10 22:58:50.88428+00
850,901,,1972,,,2026-02-10 22:58:50.88428+00,2026-02-10 22:58:50.88428+00
851,902,,1972,,,2026-02-10 22:58:50.88428+00,2026-02-10 22:58:50.88428+00
852,903,,1972,,,2026-02-10 22:58:50.88428+00,2026-02-10 22:58:50.88428+00
853,904,,1972,,,2026-02-10 22:58:50.88428+00,2026-02-10 22:58:50.88428+00
854,905,,1972,,,2026-02-10 22:58:50.88428+00,2026-02-10 22:58:50.88428+00
855,906,,1972,,,2026-02-10 22:58:50.88428+00,2026-02-10 22:58:50.88428+00
856,907,,1972,,,2026-02-10 22:58:50.88428+00,2026-02-10 22:58:50.88428+00
857,908,,1972,,,2026-02-10 22:58:50.88428+00,2026-02-10 22:58:50.88428+00
858,909,,1972,,,2026-02-10 22:58:50.88428+00,2026-02-10 22:58:50.88428+00
859,910,,1972,,,2026-02-10 22:58:50.88428+00,2026-02-10 22:58:50.88428+00
860,911,,1972,,,2026-02-10 22:58:50.88428+00,2026-02-10 22:58:50.88428+00
861,912,,1973,,,2026-02-10 22:58:50.88428+00,2026-02-10 22:58:50.88428+00
862,913,,1973,,,2026-02-10 22:58:50.88428+00,2026-02-10 22:58:50.88428+00
863,914,,1973,,,2026-02-10 22:58:50.88428+00,2026-02-10 22:58:50.88428+00
864,915,,1973,,,2026-02-10 22:58:50.88428+00,2026-02-10 22:58:50.88428+00
865,916,,1973,,,2026-02-10 22:58:50.88428+00,2026-02-10 22:58:50.88428+00
866,917,,1973,,,2026-02-10 22:58:50.88428+00,2026-02-10 22:58:50.88428+00
867,918,,1973,,,2026-02-10 22:58:50.88428+00,2026-02-10 22:58:50.88428+00
868,919,,1973,,,2026-02-10 22:58:50.88428+00,2026-02-10 22:58:50.88428+00
869,920,,1973,,,2026-02-10 22:58:50.88428+00,2026-02-10 22:58:50.88428+00
870,921,,1973,,,2026-02-10 22:58:50.88428+00,2026-02-10 22:58:50.88428+00
871,922,,1973,,,2026-02-10 22:58:50.88428+00,2026-02-10 22:58:50.88428+00
872,923,,1973,,,2026-02-10 22:58:50.88428+00,2026-02-10 22:58:50.88428+00
873,924,,1974,,,2026-02-10 22:58:50.88428+00,2026-02-10 22:58:50.88428+00
874,925,,1974,,,2026-02-10 22:58:50.88428+00,2026-02-10 22:58:50.88428+00
875,926,,1974,,,2026-02-10 22:58:50.88428+00,2026-02-10 22:58:50.88428+00
876,927,,1974,,,2026-02-10 22:58:50.88428+00,2026-02-10 22:58:50.88428+00
877,928,,1974,,,2026-02-10 22:58:50.88428+00,2026-02-10 22:58:50.88428+00
878,929,,1974,,,2026-02-10 22:58:50.88428+00,2026-02-10 22:58:50.88428+00
879,930,,1974,,,2026-02-10 22:58:50.88428+00,2026-02-10 22:58:50.88428+00
880,931,,1974,,,2026-02-10 22:58:50.88428+00,2026-02-10 22:58:50.88428+00
881,932,,1974,,,2026-02-10 22:58:50.88428+00,2026-02-10 22:58:50.88428+00
882,933,,1974,,,2026-02-10 22:58:50.88428+00,2026-02-10 22:58:50.88428+00
883,934,,1974,,,2026-02-10 22:58:50.88428+00,2026-02-10 22:58:50.88428+00
884,935,,1974,,,2026-02-10 22:58:50.88428+00,2026-02-10 22:58:50.88428+00
885,936,,1974,,,2026-02-10 22:58:50.88428+00,2026-02-10 22:58:50.88428+00
886,937,,1974,,,2026-02-10 22:58:50.88428+00,2026-02-10 22:58:50.88428+00
887,938,,1974,,,2026-02-10 22:58:50.88428+00,2026-02-10 22:58:50.88428+00
888,939,,1974,,,2026-02-10 22:58:50.88428+00,2026-02-10 22:58:50.88428+00
889,940,,1974,,,2026-02-10 22:58:50.88428+00,2026-02-10 22:58:50.88428+00
890,941,,1974,,,2026-02-10 22:58:50.88428+00,2026-02-10 22:58:50.88428+00
891,942,,1974,,,2026-02-10 22:58:50.88428+00,2026-02-10 22:58:50.88428+00
892,943,,1974,,,2026-02-10 22:58:50.88428+00,2026-02-10 22:58:50.88428+00
893,944,,1975,,,2026-02-10 22:58:50.88428+00,2026-02-10 22:58:50.88428+00
894,945,,1975,,,2026-02-10 22:58:50.88428+00,2026-02-10 22:58:50.88428+00
895,946,,1975,,,2026-02-10 22:58:50.88428+00,2026-02-10 22:58:50.88428+00
896,947,,1975,,,2026-02-10 22:58:50.88428+00,2026-02-10 22:58:50.88428+00
897,948,,1975,,,2026-02-10 22:58:50.88428+00,2026-02-10 22:58:50.88428+00
898,949,,1975,,,2026-02-10 22:58:50.88428+00,2026-02-10 22:58:50.88428+00
899,950,,1975,,,2026-02-10 22:58:50.88428+00,2026-02-10 22:58:50.88428+00
900,951,,1975,,,2026-02-10 22:58:50.88428+00,2026-02-10 22:58:50.88428+00
901,952,,1975,,,2026-02-10 22:58:50.88428+00,2026-02-10 22:58:50.88428+00
902,953,,1975,,,2026-02-10 22:58:50.88428+00,2026-02-10 22:58:50.88428+00
903,954,,1975,,,2026-02-10 22:58:50.88428+00,2026-02-10 22:58:50.88428+00
904,955,,1975,,,2026-02-10 22:58:50.88428+00,2026-02-10 22:58:50.88428+00
905,956,,1976,,,2026-02-10 22:58:50.88428+00,2026-02-10 22:58:50.88428+00
906,957,,1976,,,2026-02-10 22:58:50.88428+00,2026-02-10 22:58:50.88428+00
907,958,,1976,,,2026-02-10 22:58:50.88428+00,2026-02-10 22:58:50.88428+00
908,959,,1976,,,2026-02-10 22:58:50.88428+00,2026-02-10 22:58:50.88428+00
909,960,,1976,,,2026-02-10 22:58:50.88428+00,2026-02-10 22:58:50.88428+00
910,961,,1976,,,2026-02-10 22:58:50.88428+00,2026-02-10 22:58:50.88428+00
911,962,,1976,,,2026-02-10 22:58:50.88428+00,2026-02-10 22:58:50.88428+00
912,963,,1976,,,2026-02-10 22:58:50.88428+00,2026-02-10 22:58:50.88428+00
913,964,,1976,,,2026-02-10 22:58:50.88428+00,2026-02-10 22:58:50.88428+00
914,965,,1976,,,2026-02-10 22:58:50.88428+00,2026-02-10 22:58:50.88428+00
915,966,,1976,,,2026-02-10 22:58:50.88428+00,2026-02-10 22:58:50.88428+00
916,967,,1976,,,2026-02-10 22:58:50.88428+00,2026-02-10 22:58:50.88428+00
917,968,,1976,,,2026-02-10 22:58:50.88428+00,2026-02-10 22:58:50.88428+00
918,969,,1976,,,2026-02-10 22:58:50.88428+00,2026-02-10 22:58:50.88428+00
919,970,,1976,,,2026-02-10 22:58:50.88428+00,2026-02-10 22:58:50.88428+00
920,971,,1976,,,2026-02-10 22:58:50.88428+00,2026-02-10 22:58:50.88428+00
921,972,,1976,,,2026-02-10 22:58:50.88428+00,2026-02-10 22:58:50.88428+00
922,973,,1976,,,2026-02-10 22:58:50.88428+00,2026-02-10 22:58:50.88428+00
923,974,,1976,,,2026-02-10 22:58:50.88428+00,2026-02-10 22:58:50.88428+00
924,975,,1977,,,2026-02-10 22:58:50.88428+00,2026-02-10 22:58:50.88428+00
925,977,,1977,,,2026-02-10 22:58:50.88428+00,2026-02-10 22:58:50.88428+00
926,978,,1977,,,2026-02-10 22:58:50.88428+00,2026-02-10 22:58:50.88428+00
927,979,,1977,,,2026-02-10 22:58:50.88428+00,2026-02-10 22:58:50.88428+00
928,980,,1977,,,2026-02-10 22:58:50.88428+00,2026-02-10 22:58:50.88428+00
929,981,,1977,,,2026-02-10 22:58:50.88428+00,2026-02-10 22:58:50.88428+00
930,982,,1977,,,2026-02-10 22:58:50.88428+00,2026-02-10 22:58:50.88428+00
931,983,,1977,,,2026-02-10 22:58:50.88428+00,2026-02-10 22:58:50.88428+00
932,984,,1977,,,2026-02-10 22:58:50.88428+00,2026-02-10 22:58:50.88428+00
933,985,,1977,,,2026-02-10 22:58:50.88428+00,2026-02-10 22:58:50.88428+00
934,986,,1977,,,2026-02-10 22:58:50.88428+00,2026-02-10 22:58:50.88428+00
935,987,,1977,,,2026-02-10 22:58:50.88428+00,2026-02-10 22:58:50.88428+00
936,988,,1977,,,2026-02-10 22:58:50.88428+00,2026-02-10 22:58:50.88428+00
937,989,,1977,,,2026-02-10 22:58:50.88428+00,2026-02-10 22:58:50.88428+00
938,990,,1977,,,2026-02-10 22:58:50.88428+00,2026-02-10 22:58:50.88428+00
939,991,,1977,,,2026-02-10 22:58:50.88428+00,2026-02-10 22:58:50.88428+00
940,992,,1977,,,2026-02-10 22:58:50.88428+00,2026-02-10 22:58:50.88428+00
941,993,,1977,,,2026-02-10 22:58:50.88428+00,2026-02-10 22:58:50.88428+00
942,994,,1977,,,2026-02-10 22:58:50.88428+00,2026-02-10 22:58:50.88428+00
943,995,,1977,,,2026-02-10 22:58:50.88428+00,2026-02-10 22:58:50.88428+00
944,996,,1977,,,2026-02-10 22:58:50.88428+00,2026-02-10 22:58:50.88428+00
945,997,,1977,,,2026-02-10 22:58:50.88428+00,2026-02-10 22:58:50.88428+00
946,999,,1978,,,2026-02-10 22:58:50.88428+00,2026-02-10 22:58:50.88428+00
947,1000,,1978,,,2026-02-10 22:58:50.88428+00,2026-02-10 22:58:50.88428+00
948,1001,,1978,,,2026-02-10 22:58:50.88428+00,2026-02-10 22:58:50.88428+00
949,1002,,1978,,,2026-02-10 22:58:50.88428+00,2026-02-10 22:58:50.88428+00
950,1003,,1978,,,2026-02-10 22:58:50.88428+00,2026-02-10 22:58:50.88428+00
951,1004,,1978,,,2026-02-10 22:58:50.88428+00,2026-02-10 22:58:50.88428+00
952,1005,,1978,,,2026-02-10 22:58:50.88428+00,2026-02-10 22:58:50.88428+00
953,1006,,1978,,,2026-02-10 22:58:50.88428+00,2026-02-10 22:58:50.88428+00
954,1007,,1978,,,2026-02-10 22:58:50.88428+00,2026-02-10 22:58:50.88428+00
955,1008,,1978,,,2026-02-10 22:58:50.88428+00,2026-02-10 22:58:50.88428+00
956,1009,,1978,,,2026-02-10 22:58:50.88428+00,2026-02-10 22:58:50.88428+00
957,1010,,1978,,,2026-02-10 22:58:50.88428+00,2026-02-10 22:58:50.88428+00
958,1011,,1978,,,2026-02-10 22:58:50.88428+00,2026-02-10 22:58:50.88428+00
959,1013,,1979,,,2026-02-10 22:58:50.88428+00,2026-02-10 22:58:50.88428+00
960,1014,,1979,,,2026-02-10 22:58:50.88428+00,2026-02-10 22:58:50.88428+00
961,1015,,1979,,,2026-02-10 22:58:50.88428+00,2026-02-10 22:58:50.88428+00
962,1016,,1979,,,2026-02-10 22:58:50.88428+00,2026-02-10 22:58:50.88428+00
963,1017,,1979,,,2026-02-10 22:58:50.88428+00,2026-02-10 22:58:50.88428+00
964,1018,,1979,,,2026-02-10 22:58:50.88428+00,2026-02-10 22:58:50.88428+00
965,1019,,1979,,,2026-02-10 22:58:50.88428+00,2026-02-10 22:58:50.88428+00
966,1020,,1979,,,2026-02-10 22:58:50.88428+00,2026-02-10 22:58:50.88428+00
967,1021,,1979,,,2026-02-10 22:58:50.88428+00,2026-02-10 22:58:50.88428+00
968,1023,,1980,,,2026-02-10 22:58:50.88428+00,2026-02-10 22:58:50.88428+00
969,1024,,1980,,,2026-02-10 22:58:50.88428+00,2026-02-10 22:58:50.88428+00
970,1025,,1980,,,2026-02-10 22:58:50.88428+00,2026-02-10 22:58:50.88428+00
971,1026,,1980,,,2026-02-10 22:58:50.88428+00,2026-02-10 22:58:50.88428+00
972,1027,,1980,,,2026-02-10 22:58:50.88428+00,2026-02-10 22:58:50.88428+00
973,1028,,1980,,,2026-02-10 22:58:50.88428+00,2026-02-10 22:58:50.88428+00
974,1029,,1980,,,2026-02-10 22:58:50.88428+00,2026-02-10 22:58:50.88428+00
975,1030,,1980,,,2026-02-10 22:58:50.88428+00,2026-02-10 22:58:50.88428+00
976,1031,,1980,,,2026-02-10 22:58:50.88428+00,2026-02-10 22:58:50.88428+00
977,1032,,1980,,,2026-02-10 22:58:50.88428+00,2026-02-10 22:58:50.88428+00
978,1033,,1980,,,2026-02-10 22:58:50.88428+00,2026-02-10 22:58:50.88428+00
979,1034,,1980,,,2026-02-10 22:58:50.88428+00,2026-02-10 22:58:50.88428+00
981,1036,,1981,,,2026-02-10 22:58:50.88428+00,2026-02-10 22:58:50.88428+00
982,1037,,1981,,,2026-02-10 22:58:50.88428+00,2026-02-10 22:58:50.88428+00
983,1038,,1981,,,2026-02-10 22:58:50.88428+00,2026-02-10 22:58:50.88428+00
984,1039,,1981,,,2026-02-10 22:58:50.88428+00,2026-02-10 22:58:50.88428+00
985,1040,,1981,,,2026-02-10 22:58:50.88428+00,2026-02-10 22:58:50.88428+00
986,1041,,1981,,,2026-02-10 22:58:50.88428+00,2026-02-10 22:58:50.88428+00
987,1042,,1981,,,2026-02-10 22:58:50.88428+00,2026-02-10 22:58:50.88428+00
988,1043,,1981,,,2026-02-10 22:58:50.88428+00,2026-02-10 22:58:50.88428+00
989,1044,,1982,,,2026-02-10 22:58:50.88428+00,2026-02-10 22:58:50.88428+00
990,1045,,1982,,,2026-02-10 22:58:50.88428+00,2026-02-10 22:58:50.88428+00
991,1046,,1982,,,2026-02-10 22:58:50.88428+00,2026-02-10 22:58:50.88428+00
992,1047,,1982,,,2026-02-10 22:58:50.88428+00,2026-02-10 22:58:50.88428+00
993,1049,,1982,,,2026-02-10 22:58:50.88428+00,2026-02-10 22:58:50.88428+00
994,1050,,1983,,,2026-02-10 22:58:50.88428+00,2026-02-10 22:58:50.88428+00
995,1051,,1983,,,2026-02-10 22:58:50.88428+00,2026-02-10 22:58:50.88428+00
996,1052,,1983,,,2026-02-10 22:58:50.88428+00,2026-02-10 22:58:50.88428+00
997,1053,,1983,,,2026-02-10 22:58:50.88428+00,2026-02-10 22:58:50.88428+00
998,1054,,1983,,,2026-02-10 22:58:50.88428+00,2026-02-10 22:58:50.88428+00
999,1055,,1983,,,2026-02-10 22:58:50.88428+00,2026-02-10 22:58:50.88428+00
1000,1056,,1984,,,2026-02-10 22:58:50.88428+00,2026-02-10 22:58:50.88428+00
1001,1057,,1984,,,2026-02-10 22:58:50.88428+00,2026-02-10 22:58:50.88428+00
1002,1058,,1984,,,2026-02-10 22:58:50.88428+00,2026-02-10 22:58:50.88428+00
1003,1059,,1984,,,2026-02-10 22:58:50.88428+00,2026-02-10 22:58:50.88428+00
1004,1060,,1984,,,2026-02-10 22:58:50.88428+00,2026-02-10 22:58:50.88428+00
1005,1061,,1984,,,2026-02-10 22:58:50.88428+00,2026-02-10 22:58:50.88428+00
1007,1063,,1985,,,2026-02-10 22:58:50.88428+00,2026-02-10 22:58:50.88428+00
1008,1065,,1985,,,2026-02-10 22:58:50.88428+00,2026-02-10 22:58:50.88428+00
1009,1066,,1985,,,2026-02-10 22:58:50.88428+00,2026-02-10 22:58:50.88428+00
1010,1067,,1985,,,2026-02-10 22:58:50.88428+00,2026-02-10 22:58:50.88428+00
1011,1069,,1985,,,2026-02-10 22:58:50.88428+00,2026-02-10 22:58:50.88428+00
1013,1071,,1986,,,2026-02-10 22:58:50.88428+00,2026-02-10 22:58:50.88428+00
1014,1072,,1986,,,2026-02-10 22:58:50.88428+00,2026-02-10 22:58:50.88428+00
1015,1073,,1986,,,2026-02-10 22:58:50.88428+00,2026-02-10 22:58:50.88428+00
1016,1074,,1987,,,2026-02-10 22:58:50.88428+00,2026-02-10 22:58:50.88428+00
1017,1075,,1987,,,2026-02-10 22:58:50.88428+00,2026-02-10 22:58:50.88428+00
1018,1076,,1987,,,2026-02-10 22:58:50.88428+00,2026-02-10 22:58:50.88428+00
1019,1077,,1987,,,2026-02-10 22:58:50.88428+00,2026-02-10 22:58:50.88428+00
1020,1078,,1987,,,2026-02-10 22:58:50.88428+00,2026-02-10 22:58:50.88428+00
1021,1079,,1987,,,2026-02-10 22:58:50.88428+00,2026-02-10 22:58:50.88428+00
1022,1080,,1987,,,2026-02-10 22:58:50.88428+00,2026-02-10 22:58:50.88428+00
1023,1081,,1988,,,2026-02-10 22:58:50.88428+00,2026-02-10 22:58:50.88428+00
1024,1082,,1988,,,2026-02-10 22:58:50.88428+00,2026-02-10 22:58:50.88428+00
1025,1084,,1988,,,2026-02-10 22:58:50.88428+00,2026-02-10 22:58:50.88428+00
1026,1085,,1988,,,2026-02-10 22:58:50.88428+00,2026-02-10 22:58:50.88428+00
1027,1086,,1988,,,2026-02-10 22:58:50.88428+00,2026-02-10 22:58:50.88428+00
1028,1087,,1988,,,2026-02-10 22:58:50.88428+00,2026-02-10 22:58:50.88428+00
1029,1088,,1989,,,2026-02-10 22:58:50.88428+00,2026-02-10 22:58:50.88428+00
1030,1089,,1989,,,2026-02-10 22:58:50.88428+00,2026-02-10 22:58:50.88428+00
1031,1090,,1989,,,2026-02-10 22:58:50.88428+00,2026-02-10 22:58:50.88428+00
1032,1091,,1989,,,2026-02-10 22:58:50.88428+00,2026-02-10 22:58:50.88428+00
1033,1048,,1981,1983,,2026-02-10 22:58:50.88428+00,2026-02-10 22:58:50.88428+00
1034,1083,,1988,1993,,2026-02-10 22:58:50.88428+00,2026-02-10 22:58:50.88428+00
1035,1092,,1989,,,2026-02-10 22:58:50.88428+00,2026-02-10 22:58:50.88428+00
1036,1093,,1989,,,2026-02-10 22:58:50.88428+00,2026-02-10 22:58:50.88428+00
1037,1094,,1989,,,2026-02-10 22:58:50.88428+00,2026-02-10 22:58:50.88428+00
1038,1095,,1990,,,2026-02-10 22:58:50.88428+00,2026-02-10 22:58:50.88428+00
1039,1096,,1990,,,2026-02-10 22:58:50.88428+00,2026-02-10 22:58:50.88428+00
1040,1097,,1990,,,2026-02-10 22:58:50.88428+00,2026-02-10 22:58:50.88428+00
1041,1098,,1990,,,2026-02-10 22:58:50.88428+00,2026-02-10 22:58:50.88428+00
1042,1099,,1990,,,2026-02-10 22:58:50.88428+00,2026-02-10 22:58:50.88428+00
1043,1100,,1990,,,2026-02-10 22:58:50.88428+00,2026-02-10 22:58:50.88428+00
1044,1101,,1990,,,2026-02-10 22:58:50.88428+00,2026-02-10 22:58:50.88428+00
1045,1102,,1991,,,2026-02-10 22:58:50.88428+00,2026-02-10 22:58:50.88428+00
1046,1103,,1991,,,2026-02-10 22:58:50.88428+00,2026-02-10 22:58:50.88428+00
1047,1104,,1991,,,2026-02-10 22:58:50.88428+00,2026-02-10 22:58:50.88428+00
1048,1105,,1991,,,2026-02-10 22:58:50.88428+00,2026-02-10 22:58:50.88428+00
1049,1106,,1991,,,2026-02-10 22:58:50.88428+00,2026-02-10 22:58:50.88428+00
1050,1107,,1991,,,2026-02-10 22:58:50.88428+00,2026-02-10 22:58:50.88428+00
1051,1108,,1991,,,2026-02-10 22:58:50.88428+00,2026-02-10 22:58:50.88428+00
1052,1109,,1991,,,2026-02-10 22:58:50.88428+00,2026-02-10 22:58:50.88428+00
1053,1110,,1992,,,2026-02-10 22:58:50.88428+00,2026-02-10 22:58:50.88428+00
1054,1111,,1992,,,2026-02-10 22:58:50.88428+00,2026-02-10 22:58:50.88428+00
1055,1112,,1992,,,2026-02-10 22:58:50.88428+00,2026-02-10 22:58:50.88428+00
1056,1113,,1992,,,2026-02-10 22:58:50.88428+00,2026-02-10 22:58:50.88428+00
1057,1114,,1992,,,2026-02-10 22:58:50.88428+00,2026-02-10 22:58:50.88428+00
1058,1115,,1992,,,2026-02-10 22:58:50.88428+00,2026-02-10 22:58:50.88428+00
1059,1116,,1993,,,2026-02-10 22:58:50.88428+00,2026-02-10 22:58:50.88428+00
1060,1117,,1993,,,2026-02-10 22:58:50.88428+00,2026-02-10 22:58:50.88428+00
1061,1118,,1993,,,2026-02-10 22:58:50.88428+00,2026-02-10 22:58:50.88428+00
1062,1119,,1993,,,2026-02-10 22:58:50.88428+00,2026-02-10 22:58:50.88428+00
1063,1120,,1994,,,2026-02-10 22:58:50.88428+00,2026-02-10 22:58:50.88428+00
1064,1121,,1994,,,2026-02-10 22:58:50.88428+00,2026-02-10 22:58:50.88428+00
1065,1122,,1994,,,2026-02-10 22:58:50.88428+00,2026-02-10 22:58:50.88428+00
1066,1123,,1994,,,2026-02-10 22:58:50.88428+00,2026-02-10 22:58:50.88428+00
1067,1124,,1994,,,2026-02-10 22:58:50.88428+00,2026-02-10 22:58:50.88428+00
1068,1125,,1994,,,2026-02-10 22:58:50.88428+00,2026-02-10 22:58:50.88428+00
1069,1126,,1994,,,2026-02-10 22:58:50.88428+00,2026-02-10 22:58:50.88428+00
1070,1127,,1995,,,2026-02-10 22:58:50.88428+00,2026-02-10 22:58:50.88428+00
1071,1128,,1995,,,2026-02-10 22:58:50.88428+00,2026-02-10 22:58:50.88428+00
1072,1129,,1995,,,2026-02-10 22:58:50.88428+00,2026-02-10 22:58:50.88428+00
1073,1130,,1995,,,2026-02-10 22:58:50.88428+00,2026-02-10 22:58:50.88428+00
1074,1131,,1995,,,2026-02-10 22:58:50.88428+00,2026-02-10 22:58:50.88428+00
1075,1132,,1995,,,2026-02-10 22:58:50.88428+00,2026-02-10 22:58:50.88428+00
1076,1133,,1995,,,2026-02-10 22:58:50.88428+00,2026-02-10 22:58:50.88428+00
1077,1134,,1995,,,2026-02-10 22:58:50.88428+00,2026-02-10 22:58:50.88428+00
1078,1135,,1996,,,2026-02-10 22:58:50.88428+00,2026-02-10 22:58:50.88428+00
1079,1136,,1996,,,2026-02-10 22:58:50.88428+00,2026-02-10 22:58:50.88428+00
1080,1137,,1996,,,2026-02-10 22:58:50.88428+00,2026-02-10 22:58:50.88428+00
1081,1138,,1996,,,2026-02-10 22:58:50.88428+00,2026-02-10 22:58:50.88428+00
1082,1139,,1998,,,2026-02-10 22:58:50.88428+00,2026-02-10 22:58:50.88428+00
1083,1140,,1998,,,2026-02-10 22:58:50.88428+00,2026-02-10 22:58:50.88428+00
1084,1141,,2010,,,2026-02-10 22:58:50.88428+00,2026-02-10 22:58:50.88428+00
1085,1142,,2016,,,2026-02-10 22:58:50.88428+00,2026-02-10 22:58:50.88428+00
1086,1144,,2018,,,2026-02-10 22:58:50.88428+00,2026-02-10 22:58:50.88428+00
1089,1147,,2018,,,2026-02-10 22:58:50.88428+00,2026-02-10 22:58:50.88428+00
1090,1149,,2019,,,2026-02-10 22:58:50.88428+00,2026-02-10 22:58:50.88428+00
1091,1151,,2020,,,2026-02-10 22:58:50.88428+00,2026-02-10 22:58:50.88428+00
1092,1155,,2024,,,2026-02-10 22:58:50.88428+00,2026-02-10 22:58:50.88428+00
1094,1154,,2024,,,2026-02-10 22:58:50.88428+00,2026-02-10 22:58:50.88428+00
1097,1158,,2025,,,2026-02-10 22:58:50.88428+00,2026-02-10 22:58:50.88428+00
1101,1148,,2019,2019,,2026-02-10 22:58:50.88428+00,2026-02-10 22:58:50.88428+00
1102,976,,1977,,,2026-02-10 22:58:50.88428+00,2026-02-10 22:58:50.88428+00
1103,520,,1951,,,2026-02-10 22:58:50.88428+00,2026-02-10 22:58:50.88428+00
1104,1159,,2026,,,2026-02-10 22:58:50.88428+00,2026-02-10 22:58:50.88428+00
1105,1160,,2026,,,2026-02-10 22:58:50.88428+00,2026-02-10 22:58:50.88428+00
1107,1068,,1985,,,2026-02-10 22:58:50.88428+00,2026-02-10 22:58:50.88428+00
1108,1162,,2026,,,2026-02-10 22:58:50.88428+00,2026-02-10 22:58:50.88428+00
1109,450,,2022,,,2026-02-10 22:58:50.88428+00,2026-02-10 22:58:50.88428+00
1110,292,,2020,,,2026-02-10 22:58:50.88428+00,2026-02-10 22:58:50.88428+00
1111,1,,1950,1951,,2026-02-10 22:58:50.88428+00,2026-02-10 22:58:50.88428+00
1112,1143,,2018,,,2026-02-10 22:58:50.88428+00,2026-02-10 22:58:50.88428+00
1113,1012,,1979,1979,,2026-02-10 22:58:50.88428+00,2026-02-10 22:58:50.88428+00
1114,998,,1977,1978,,2026-02-10 22:58:50.88428+00,2026-02-10 22:58:50.88428+00
1115,1022,,1980,1981,,2026-02-10 22:58:50.88428+00,2026-02-10 22:58:50.88428+00
1116,1064,,1985,1987,,2026-02-10 22:58:50.88428+00,2026-02-10 22:58:50.88428+00
1012,1070,1062,1986,2001,,2026-02-10 22:58:50.88428+00,2026-02-26 01:58:55.081787+00
1093,1153,269,2022,,,2026-02-10 22:58:50.88428+00,2026-02-26 02:36:22.934415+00
1106,1161,455,2026,,,2026-02-10 22:58:50.88428+00,2026-02-27 02:20:45.644532+00
1096,455,414,2023,2025,,2026-02-10 22:58:50.88428+00,2026-02-27 02:22:15.315992+00
1100,449,414,2021,2021,,2026-02-10 22:58:50.88428+00,2026-02-27 02:23:27.32866+00
1099,1150,1149,2020,,,2026-02-10 22:58:50.88428+00,2026-02-27 03:09:53.08069+00
1087,1145,286,2018,2019,,2026-02-10 22:58:50.88428+00,2026-02-27 03:14:45.799803+00
1088,1146,426,2018,,,2026-02-10 22:58:50.88428+00,2026-02-27 04:00:03.608073+00
1118,441,427,2012,2013,,2026-02-10 23:03:31.657752+00,2026-02-10 23:03:31.657752+00
406,441,461,2006,2006,,2026-02-10 22:58:50.88428+00,2026-02-10 23:03:55.255302+00
408,421,441,2014,2018,,2026-02-10 22:58:50.88428+00,2026-02-10 23:06:08.729058+00
1117,504,1083,1994,1997,,2026-02-10 22:58:50.88428+00,2026-02-10 23:15:31.299534+00
1119,998,1022,1984,1984,,2026-02-10 23:16:48.846758+00,2026-02-10 23:16:48.846758+00
1098,1156,61,2025,2026,,2026-02-10 22:58:50.88428+00,2026-02-10 23:26:41.079639+00
371,451,445,2022,2023,,2026-02-10 22:58:50.88428+00,2026-02-12 13:42:47.912328+00
722,773,,1961,1975,,2026-02-10 22:58:50.88428+00,2026-02-25 04:01:22.417465+00
1123,773,,1977,1989,,2026-02-25 04:02:53.014352+00,2026-02-25 04:02:53.014352+00
72,54,,1950,1960,,2026-02-10 22:58:50.88428+00,2026-02-25 04:03:26.07184+00
1124,54,773,1976,1976,,2026-02-25 04:03:51.003487+00,2026-02-25 04:04:49.629564+00
1125,54,773,1990,1996,,2026-02-25 04:04:02.034037+00,2026-02-25 04:05:28.107386+00
1126,54,433,2011,2024,,2026-02-25 04:04:15.560292+00,2026-02-25 04:05:51.644295+00
1095,1157,,2024,2026,,2026-02-10 22:58:50.88428+00,2026-02-25 04:07:27.927534+00
1127,448,54,2018,2019,,2026-02-25 04:06:35.506148+00,2026-02-25 15:48:04.137641+00
980,1035,,1981,1983,,2026-02-10 22:58:50.88428+00,2026-02-26 01:54:21.436234+00
1006,1062,1035,1984,1985,,2026-02-10 22:58:50.88428+00,2026-02-26 01:55:08.016883+00
426,477,1070,2002,2011,,2026-02-10 22:58:50.88428+00,2026-02-26 02:00:12.193168+00
396,62,423,2016,2020,,2026-02-10 22:58:50.88428+00,2026-02-26 02:34:18.611632+00
241,269,1141,2021,2021,,2026-02-10 22:58:50.88428+00,2026-02-26 02:36:47.945805+00
1128,414,449,2022,2022,,2026-02-27 02:24:08.861671+00,2026-02-27 02:24:08.861671+00
1129,286,431,2012,2017,,2026-02-27 03:17:18.53871+00,2026-02-27 03:17:18.53871+00
